id,icij_sar_id,filer_org_name_id,filer_org_name,begin_date,begin_date_year,end_date,end_date_year,originator_bank_id,originator_bank,originator_bank_display,originator_bank_continent,originator_bank_country,originator_iso,beneficiary_bank_id,beneficiary_bank,beneficiary_bank_continent,beneficiary_bank_country,beneficiary_iso,number_transactions,amount_transactions
224052,3482,the-bank-of-new-york-mellon-corp,The Bank of New York Mellon Corp.,"Mar 7, 2014",2014,"Mar 7, 2014",2014,norvik-banka-jsc,Norvik Banka JSC,Norvik Banka JSC,Europe,Latvia,LVA,efg-bank-zurich-switzerland-che,EFG Bank,Europe,Switzerland,CHE,2,33599900
224993,2390,the-bank-of-new-york-mellon-corp,The Bank of New York Mellon Corp.,"Feb 7, 2013",2013,"Feb 15, 2013",2013,jsc-norvik-banka,JSC Norvik Banka,JSC Norvik Banka,Europe,Latvia,LVA,uralsib-bank-oao-moscow-russia-rus,Uralsib Bank OAO,Europe,Russia,RUS,4,3250000
224994,2390,the-bank-of-new-york-mellon-corp,The Bank of New York Mellon Corp.,"Jan 7, 2013",2013,"Jan 7, 2013",2013,jsc-norvik-banka,JSC Norvik Banka,JSC Norvik Banka,Europe,Latvia,LVA,piraeus-bank-ad-beograd-beograd-serbia-srb,Piraeus Bank Ad Beograd,Europe,Serbia,SRB,1,1190000
224995,2390,the-bank-of-new-york-mellon-corp,The Bank of New York Mellon Corp.,"Jan 9, 2013",2013,"Mar 18, 2013",2013,jsc-norvik-banka,JSC Norvik Banka,JSC Norvik Banka,Europe,Latvia,LVA,the-national-bank-of-ras-al-khaimah-ras-al-khaimah-uae-are,The National Bank of Ras Al-Khaimah,Asia,United Arab Emirates,ARE,7,1507007.31
224997,2390,the-bank-of-new-york-mellon-corp,The Bank of New York Mellon Corp.,"Jan 14, 2013",2013,"Mar 28, 2013",2013,jsc-norvik-banka,JSC Norvik Banka,JSC Norvik Banka,Europe,Latvia,LVA,abn-amro-bank-nv-netherlands-nld,ABN Amro Bank N.V.,Europe,Netherlands,NLD,9,1549402.5
224999,2390,the-bank-of-new-york-mellon-corp,The Bank of New York Mellon Corp.,"Jan 18, 2013",2013,"Mar 18, 2013",2013,jsc-norvik-banka,JSC Norvik Banka,JSC Norvik Banka,Europe,Latvia,LVA,dbs-banktaiwan-ltd-taipei-taiwan-twn,DBS Bank(Taiwan) Ltd,Asia,Taiwan,TWN,7,1820895.54
225002,2390,the-bank-of-new-york-mellon-corp,The Bank of New York Mellon Corp.,"Jan 9, 2013",2013,"Mar 29, 2013",2013,jsc-norvik-banka,JSC Norvik Banka,JSC Norvik Banka,Europe,Latvia,LVA,sberbank-of-russia-moscow-russia-rus,Sberbank of Russia,Europe,Russia,RUS,39,7065572
225012,2746,the-bank-of-new-york-mellon-corp,The Bank of New York Mellon Corp.,"Feb 13, 2015",2015,"Feb 13, 2015",2015,rietumu-banka-jsc,Rietumu Banka JSC,Rietumu Banka JSC,Europe,Latvia,LVA,turkiye-cummuriyeti-ziraat-bankasi-ankara-turkey-tur,Turkiye Cummuriyeti Ziraat Bankasi,Asia,Turkey,TUR,1,55000
225015,2746,the-bank-of-new-york-mellon-corp,The Bank of New York Mellon Corp.,"Oct 20, 2014",2014,"Oct 20, 2014",2014,ablv-bank,ABLV Bank,ABLV Bank,Europe,Latvia,LVA,canara-bank-new-delhi-india-ind,Canara Bank,Asia,India,IND,1,99247
225016,2746,the-bank-of-new-york-mellon-corp,The Bank of New York Mellon Corp.,"Nov 12, 2014",2014,"Feb 18, 2015",2015,rietumu-banka-jsc,Rietumu Banka JSC,Rietumu Banka JSC,Europe,Latvia,LVA,bank-of-maharashtra-new-delhi-india-ind,Bank of Maharashtra,Asia,India,IND,3,200000
225017,2746,the-bank-of-new-york-mellon-corp,The Bank of New York Mellon Corp.,"Dec 2, 2014",2014,"Dec 3, 2014",2014,rietumu-banka-jsc,Rietumu Banka JSC,Rietumu Banka JSC,Europe,Latvia,LVA,asya-katilim-bankasi-as-istanbul-turkey-tur,Asya Katilim Bankasi A.S.,Asia,Turkey,TUR,2,202517.58
225018,2746,the-bank-of-new-york-mellon-corp,The Bank of New York Mellon Corp.,"Nov 7, 2014",2014,"Feb 18, 2015",2015,jsc-norvik-banka,JSC Norvik Banka,JSC Norvik Banka,Europe,Latvia,LVA,ab-dnb-bankas-vilnius-lithuania-ltu,AB DNB Bankas,Europe,Lithuania,LTU,2,400000
225038,2457,the-bank-of-new-york-mellon-corp,The Bank of New York Mellon Corp.,"Jan 25, 2015",2015,"Feb 27, 2015",2015,as-expobank,AS Expobank,AS Expobank,Europe,Latvia,LVA,credit-suisse-ag-zurich-switzerland-che,Credit Suisse AG,Europe,Switzerland,CHE,4,1706554.16
225039,2457,the-bank-of-new-york-mellon-corp,The Bank of New York Mellon Corp.,"Jan 27, 2015",2015,"Jan 27, 2015",2015,as-expobank,AS Expobank,AS Expobank,Europe,Latvia,LVA,credit-suisse-ag-zurich-switzerland-che,Credit Suisse AG,Europe,Switzerland,CHE,1,2000000
225042,2457,the-bank-of-new-york-mellon-corp,The Bank of New York Mellon Corp.,"Jan 23, 2015",2015,"Feb 27, 2015",2015,as-expobank,AS Expobank,AS Expobank,Europe,Latvia,LVA,credit-suisse-ag-zurich-switzerland-che,Credit Suisse AG,Europe,Switzerland,CHE,2,3800000
225043,2457,the-bank-of-new-york-mellon-corp,The Bank of New York Mellon Corp.,"Jan 21, 2015",2015,"Feb 27, 2015",2015,as-expobank,AS Expobank,AS Expobank,Europe,Latvia,LVA,credit-suisse-ag-zurich-switzerland-che,Credit Suisse AG,Europe,Switzerland,CHE,10,4814000
225044,2457,the-bank-of-new-york-mellon-corp,The Bank of New York Mellon Corp.,"Feb 20, 2015",2015,"Feb 20, 2015",2015,as-expobank,AS Expobank,AS Expobank,Europe,Latvia,LVA,credit-suisse-ag-zurich-switzerland-che,Credit Suisse AG,Europe,Switzerland,CHE,1,5250000
225045,2457,the-bank-of-new-york-mellon-corp,The Bank of New York Mellon Corp.,"Feb 19, 2015",2015,"Feb 19, 2015",2015,as-expobank,AS Expobank,AS Expobank,Europe,Latvia,LVA,credit-suisse-ag-zurich-switzerland-che,Credit Suisse AG,Europe,Switzerland,CHE,1,10000000
225047,2457,the-bank-of-new-york-mellon-corp,The Bank of New York Mellon Corp.,"Jan 15, 2015",2015,"Feb 26, 2015",2015,as-expobank,AS Expobank,AS Expobank,Europe,Latvia,LVA,turkiye-finans-katilim-bankasi-as-istanbul-turkey-tur,Turkiye Finans Katilim Bankasi A.S.,Asia,Turkey,TUR,9,5950260
225074,2476,the-bank-of-new-york-mellon-corp,The Bank of New York Mellon Corp.,"Dec 29, 2015",2015,"Dec 29, 2015",2015,trasta-komercbanka,Trasta Komercbanka,Trasta Komercbanka,Europe,Latvia,LVA,kazkommertsbank-almaty-kazakhstan-kaz,Kazkommertsbank,Asia,Kazakhstan,KAZ,2,463974
225082,2476,the-bank-of-new-york-mellon-corp,The Bank of New York Mellon Corp.,"Dec 24, 2015",2015,"Dec 24, 2015",2015,trasta-komercbanka,Trasta Komercbanka,Trasta Komercbanka,Europe,Latvia,LVA,kazkommertsbank-almaty-kazakhstan-kaz,Kazkommertsbank,Asia,Kazakhstan,KAZ,2,1899974
225083,2476,the-bank-of-new-york-mellon-corp,The Bank of New York Mellon Corp.,"Dec 1, 2015",2015,"Dec 29, 2015",2015,trasta-komercbanka,Trasta Komercbanka,Trasta Komercbanka,Europe,Latvia,LVA,bta-bank-jsc-almaty-kazakhstan-kaz,BTA Bank JSC,Asia,Kazakhstan,KAZ,4,986892
226114,3458,the-bank-of-new-york-mellon-corp,The Bank of New York Mellon Corp.,"Jun 28, 2013",2013,"Jun 28, 2013",2013,regional-investment-bank,Regional Investment Bank,Regional Investment Bank,Europe,Latvia,LVA,woori-bank-seoul-south-korea-kor,Woori Bank,Asia,South Korea,KOR,1,1720942.4
226115,3458,the-bank-of-new-york-mellon-corp,The Bank of New York Mellon Corp.,"Jun 25, 2013",2013,"Jun 25, 2013",2013,regional-investment-bank,Regional Investment Bank,Regional Investment Bank,Europe,Latvia,LVA,nordea-bank-danmark-as-copenhagen-denmark-dnk,Nordea Bank Danmark A/S,Europe,Denmark,DNK,1,1000000
226117,3458,the-bank-of-new-york-mellon-corp,The Bank of New York Mellon Corp.,"Jun 13, 2013",2013,"Jul 9, 2013",2013,regional-investment-bank,Regional Investment Bank,Regional Investment Bank,Europe,Latvia,LVA,bnp-paribas-suisse-sa-geneva-switzerland-che,Bnp Paribas Suisse SA,Europe,Switzerland,CHE,6,5149975.15
226119,3458,the-bank-of-new-york-mellon-corp,The Bank of New York Mellon Corp.,"Jun 10, 2013",2013,"Jun 10, 2013",2013,regional-investment-bank,Regional Investment Bank,Regional Investment Bank,Europe,Latvia,LVA,schroder-and-company-bank-ag-switzerland-che,Schroder And Company Bank Ag,Europe,Switzerland,CHE,1,1760000
226120,3458,the-bank-of-new-york-mellon-corp,The Bank of New York Mellon Corp.,"Jun 28, 2013",2013,"Jul 15, 2013",2013,regional-investment-bank,Regional Investment Bank,Regional Investment Bank,Europe,Latvia,LVA,bank-vozrozhdenie-russia-rus,Bank Vozrozhdenie,Europe,Russia,RUS,4,1141505.36
226121,3458,the-bank-of-new-york-mellon-corp,The Bank of New York Mellon Corp.,"Jun 7, 2013",2013,"Jul 26, 2013",2013,regional-investment-bank,Regional Investment Bank,Regional Investment Bank,Europe,Latvia,LVA,bank-vozrozhdenie-moscow-russia-rus,Bank Vozrozhdenie,Europe,Russia,RUS,5,1020000
226123,3458,the-bank-of-new-york-mellon-corp,The Bank of New York Mellon Corp.,"Jun 4, 2013",2013,"Jul 2, 2013",2013,regional-investment-bank,Regional Investment Bank,Regional Investment Bank,Europe,Latvia,LVA,bnp-paribas-suisse-sa-geneva-switzerland-che,Bnp Paribas Suisse SA,Europe,Switzerland,CHE,5,5997500
226312,2875,the-bank-of-new-york-mellon-corp,The Bank of New York Mellon Corp.,"Oct 2, 2014",2014,"Oct 29, 2014",2014,as-expobank,AS Expobank,AS Expobank,Europe,Latvia,LVA,ing-bank-eurasia-zao-moscow-russia-rus,ING Bank Eurasia Zao,Europe,Russia,RUS,3,1022.38
226313,2875,the-bank-of-new-york-mellon-corp,The Bank of New York Mellon Corp.,"Oct 9, 2014",2014,"Oct 31, 2014",2014,as-expobank,AS Expobank,AS Expobank,Europe,Latvia,LVA,credit-suisse-ag-zurich-switzerland-che,Credit Suisse AG,Europe,Switzerland,CHE,5,410000
226314,2875,the-bank-of-new-york-mellon-corp,The Bank of New York Mellon Corp.,"Oct 30, 2014",2014,"Oct 31, 2014",2014,as-expobank,AS Expobank,AS Expobank,Europe,Latvia,LVA,credit-suisse-ag-zurich-switzerland-che,Credit Suisse AG,Europe,Switzerland,CHE,2,439808
226315,2875,the-bank-of-new-york-mellon-corp,The Bank of New York Mellon Corp.,"Oct 24, 2014",2014,"Oct 24, 2014",2014,as-expobank,AS Expobank,AS Expobank,Europe,Latvia,LVA,credit-suisse-ag-zurich-switzerland-che,Credit Suisse AG,Europe,Switzerland,CHE,1,500000
226316,2875,the-bank-of-new-york-mellon-corp,The Bank of New York Mellon Corp.,"Oct 29, 2014",2014,"Oct 29, 2014",2014,as-expobank,AS Expobank,AS Expobank,Europe,Latvia,LVA,audi-private-bank-sal-beirut-lebanon-lbn,Audi Private Bank S.A.L. ,Asia,Lebanon,LBN,1,536792.25
226317,2875,the-bank-of-new-york-mellon-corp,The Bank of New York Mellon Corp.,"Oct 31, 2014",2014,"Oct 31, 2014",2014,as-expobank,AS Expobank,AS Expobank,Europe,Latvia,LVA,credit-suisse-ag-zurich-switzerland-che,Credit Suisse AG,Europe,Switzerland,CHE,1,540000
226318,2875,the-bank-of-new-york-mellon-corp,The Bank of New York Mellon Corp.,"Oct 31, 2014",2014,"Oct 31, 2014",2014,as-expobank,AS Expobank,AS Expobank,Europe,Latvia,LVA,ulster-bank-limited-dublin-ireland-irl,"Ulster Bank, Limited",Europe,Ireland,IRL,1,11926.5
226320,2875,the-bank-of-new-york-mellon-corp,The Bank of New York Mellon Corp.,"Oct 6, 2014",2014,"Oct 30, 2014",2014,as-expobank,AS Expobank,AS Expobank,Europe,Latvia,LVA,credit-suisse-ag-zurich-switzerland-che,Credit Suisse AG,Europe,Switzerland,CHE,4,852751.55
226321,2875,the-bank-of-new-york-mellon-corp,The Bank of New York Mellon Corp.,"Oct 1, 2014",2014,"Oct 31, 2014",2014,as-expobank,AS Expobank,AS Expobank,Europe,Latvia,LVA,credit-suisse-ag-zurich-switzerland-che,Credit Suisse AG,Europe,Switzerland,CHE,14,4093000
226322,2875,the-bank-of-new-york-mellon-corp,The Bank of New York Mellon Corp.,"Oct 30, 2014",2014,"Oct 30, 2014",2014,as-expobank,AS Expobank,AS Expobank,Europe,Latvia,LVA,unicredit-bank-cjsc-moscow-russia-rus,"UniCredit Bank, Cjsc",Europe,Russia,RUS,1,10000000
226323,2875,the-bank-of-new-york-mellon-corp,The Bank of New York Mellon Corp.,"Oct 28, 2014",2014,"Oct 28, 2014",2014,as-expobank,AS Expobank,AS Expobank,Europe,Latvia,LVA,bank-soyuz-moscow-russia-rus,Bank Soyuz,Europe,Russia,RUS,1,10500000
226633,4292,the-bank-of-new-york-mellon-corp,The Bank of New York Mellon Corp.,"Jun 5, 2015",2015,"Jun 5, 2015",2015,trasta-komercbanka,Trasta Komercbanka,Trasta Komercbanka,Europe,Latvia,LVA,usb-bank-plc-nicosia-cyprus-cyp,Usb Bank Plc,Europe,Cyprus,CYP,1,15347
226634,4292,the-bank-of-new-york-mellon-corp,The Bank of New York Mellon Corp.,"Apr 14, 2015",2015,"Apr 14, 2015",2015,rietumu-banka-jsc,Rietumu Banka JSC,Rietumu Banka JSC,Europe,Latvia,LVA,usb-bank-plc-nicosia-cyprus-cyp,Usb Bank Plc,Europe,Cyprus,CYP,1,30000
226786,2397,the-bank-of-new-york-mellon-corp,The Bank of New York Mellon Corp.,"May 7, 2013",2013,"May 30, 2013",2013,baltikums-bank-as,Baltikums Bank AS,Baltikums Bank AS,Europe,Latvia,LVA,skandinaviska-enskilda-banken-sweden-stockholm-sweden-swe,Skandinaviska Enskilda Banken - Sweden,Europe,Sweden,SWE,3,4837379.55
226787,2397,the-bank-of-new-york-mellon-corp,The Bank of New York Mellon Corp.,"May 8, 2013",2013,"May 8, 2013",2013,baltikums-bank-as,Baltikums Bank AS,Baltikums Bank AS,Europe,Latvia,LVA,open-joint-stock-company-vtb-bank-kiev-ukraine-ukr,Open Joint-Stock Company VTB Bank,Europe,Ukraine,UKR,1,14750000
226789,2397,the-bank-of-new-york-mellon-corp,The Bank of New York Mellon Corp.,"Apr 8, 2013",2013,"May 14, 2013",2013,baltikums-bank-as,Baltikums Bank AS,Baltikums Bank AS,Europe,Latvia,LVA,open-joint-stock-company-vtb-bank-kiev-ukraine-ukr,Open Joint-Stock Company VTB Bank,Europe,Ukraine,UKR,22,51500000
226790,2397,the-bank-of-new-york-mellon-corp,The Bank of New York Mellon Corp.,"Apr 30, 2013",2013,"May 9, 2013",2013,baltikums-bank-as,Baltikums Bank AS,Baltikums Bank AS,Europe,Latvia,LVA,china-construction-bank-zhejiang-china-chn,China Construction Bank,Asia,China,CHN,4,1770000
226791,2397,the-bank-of-new-york-mellon-corp,The Bank of New York Mellon Corp.,"Apr 25, 2013",2013,"May 9, 2013",2013,baltikums-bank-as,Baltikums Bank AS,Baltikums Bank AS,Europe,Latvia,LVA,bsi-sa-zurich-switzerland-che,BSI SA,Europe,Switzerland,CHE,3,3325140.44
226792,2397,the-bank-of-new-york-mellon-corp,The Bank of New York Mellon Corp.,"Apr 16, 2013",2013,"Apr 19, 2013",2013,baltikums-bank-as,Baltikums Bank AS,Baltikums Bank AS,Europe,Latvia,LVA,banque-heritage-geneva-switzerland-che,Banque Heritage,Europe,Switzerland,CHE,4,3684950
226793,2397,the-bank-of-new-york-mellon-corp,The Bank of New York Mellon Corp.,"Apr 11, 2013",2013,"Apr 11, 2013",2013,baltikums-bank-as,Baltikums Bank AS,Baltikums Bank AS,Europe,Latvia,LVA,bsi-sa-zurich-switzerland-che,BSI SA,Europe,Switzerland,CHE,1,4999531.63
226794,2397,the-bank-of-new-york-mellon-corp,The Bank of New York Mellon Corp.,"May 8, 2013",2013,"May 9, 2013",2013,baltikums-bank-as,Baltikums Bank AS,Baltikums Bank AS,Europe,Latvia,LVA,russian-commercial-bank-cyprus-limassol-cyprus-cyp,Russian Commercial Bank,Europe,Cyprus,CYP,2,7300000
227169,2395,the-bank-of-new-york-mellon-corp,The Bank of New York Mellon Corp.,"Apr 2, 2013",2013,"Apr 16, 2013",2013,jsc-norvik-banka,JSC Norvik Banka,JSC Norvik Banka,Europe,Latvia,LVA,abn-amro-bank-nv-amsterdam-netherlands-nld,ABN Amro Bank N.V.,Europe,Netherlands,NLD,2,20197
227170,2395,the-bank-of-new-york-mellon-corp,The Bank of New York Mellon Corp.,"May 14, 2013",2013,"May 14, 2013",2013,jsc-norvik-banka,JSC Norvik Banka,JSC Norvik Banka,Europe,Latvia,LVA,abn-amro-bank-nv-amsterdam-netherlands-nld,ABN Amro Bank N.V.,Europe,Netherlands,NLD,1,25230.71
227171,2395,the-bank-of-new-york-mellon-corp,The Bank of New York Mellon Corp.,"Apr 8, 2013",2013,"May 29, 2013",2013,jsc-norvik-banka,JSC Norvik Banka,JSC Norvik Banka,Europe,Latvia,LVA,abn-amro-bank-nv-amsterdam-netherlands-nld,ABN Amro Bank N.V.,Europe,Netherlands,NLD,3,42914
227173,2395,the-bank-of-new-york-mellon-corp,The Bank of New York Mellon Corp.,"Apr 4, 2013",2013,"Apr 4, 2013",2013,jsc-norvik-banka,JSC Norvik Banka,JSC Norvik Banka,Europe,Latvia,LVA,abn-amro-bank-nv-amsterdam-netherlands-nld,ABN Amro Bank N.V.,Europe,Netherlands,NLD,1,19304.8
227174,2395,the-bank-of-new-york-mellon-corp,The Bank of New York Mellon Corp.,"Apr 10, 2013",2013,"May 19, 2013",2013,jsc-norvik-banka,JSC Norvik Banka,JSC Norvik Banka,Europe,Latvia,LVA,abn-amro-bank-nv-amsterdam-netherlands-nld,ABN Amro Bank N.V.,Europe,Netherlands,NLD,3,49672.5
227175,2395,the-bank-of-new-york-mellon-corp,The Bank of New York Mellon Corp.,"Apr 5, 2013",2013,"Apr 5, 2013",2013,jsc-norvik-banka,JSC Norvik Banka,JSC Norvik Banka,Europe,Latvia,LVA,abn-amro-bank-nv-amsterdam-netherlands-nld,ABN Amro Bank N.V.,Europe,Netherlands,NLD,1,19293
227176,2395,the-bank-of-new-york-mellon-corp,The Bank of New York Mellon Corp.,"May 13, 2013",2013,"May 13, 2013",2013,jsc-norvik-banka,JSC Norvik Banka,JSC Norvik Banka,Europe,Latvia,LVA,abn-amro-bank-nv-amsterdam-netherlands-nld,ABN Amro Bank N.V.,Europe,Netherlands,NLD,1,15938
227177,2395,the-bank-of-new-york-mellon-corp,The Bank of New York Mellon Corp.,"Apr 12, 2013",2013,"May 31, 2013",2013,jsc-norvik-banka,JSC Norvik Banka,JSC Norvik Banka,Europe,Latvia,LVA,abn-amro-bank-nv-amsterdam-netherlands-nld,ABN Amro Bank N.V.,Europe,Netherlands,NLD,2,1600000
227181,2395,the-bank-of-new-york-mellon-corp,The Bank of New York Mellon Corp.,"Apr 2, 2013",2013,"Apr 18, 2013",2013,jsc-norvik-banka,JSC Norvik Banka,JSC Norvik Banka,Europe,Latvia,LVA,commonwealth-bank-of-australia-ho-chi-minh-city-vietnam-vnm,Commonwealth Bank of Australia,Asia,Vietnam,VNM,3,1478600.78
227289,3207,the-bank-of-new-york-mellon-corp,The Bank of New York Mellon Corp.,"Jun 21, 2013",2013,"Jun 25, 2013",2013,rietumu-banka-jsc,Rietumu Banka JSC,Rietumu Banka JSC,Europe,Latvia,LVA,denizbank-as-bahrain-branch-obu-manama-bahrain-bhr,Denizbank AS Bahrain Branch,North America,Bahrain,BHR,6,2720000
227437,2462,the-bank-of-new-york-mellon-corp,The Bank of New York Mellon Corp.,"Apr 21, 2015",2015,"Apr 21, 2015",2015,jsc-norvik-banka,JSC Norvik Banka,JSC Norvik Banka,Europe,Latvia,LVA,vtb-bank-moscow-russia-rus,VTB Bank,Europe,Russia,RUS,1,13000680
227488,2459,the-bank-of-new-york-mellon-corp,The Bank of New York Mellon Corp.,"Feb 12, 2015",2015,"Mar 5, 2015",2015,norvik-banka-jsc,Norvik Banka JSC,Norvik Banka JSC,Europe,Latvia,LVA,skandinaviska-enskilda-banken-helsinki-finland-fin,Skandinaviska Enskilda Banken,Europe,Finland,FIN,4,164300
227493,2459,the-bank-of-new-york-mellon-corp,The Bank of New York Mellon Corp.,"Feb 27, 2015",2015,"Feb 27, 2015",2015,norvik-banka-jsc,Norvik Banka JSC,Norvik Banka JSC,Europe,Latvia,LVA,unicredit-bank-austria-ag-vienna-austria-aut,UniCredit Bank Austria AG,Europe,Austria,AUT,1,4784466
227494,2459,the-bank-of-new-york-mellon-corp,The Bank of New York Mellon Corp.,"Mar 10, 2015",2015,"Mar 10, 2015",2015,norvik-banka-jsc,Norvik Banka JSC,Norvik Banka JSC,Europe,Latvia,LVA,petrocommerce-ojsc-bank-moscow-russia-rus,Petrocommerce OJSC Bank,Europe,Russia,RUS,1,5300000
227496,2459,the-bank-of-new-york-mellon-corp,The Bank of New York Mellon Corp.,"Jan 29, 2015",2015,"Feb 5, 2015",2015,norvik-banka-jsc,Norvik Banka JSC,Norvik Banka JSC,Europe,Latvia,LVA,national-settlement-depository-moscow-russia-rus,National Settlement Depository,Europe,Russia,RUS,2,21000000
227497,2459,the-bank-of-new-york-mellon-corp,The Bank of New York Mellon Corp.,"Jan 28, 2015",2015,"Mar 31, 2015",2015,norvik-banka-jsc,Norvik Banka JSC,Norvik Banka JSC,Europe,Latvia,LVA,national-settlement-depository-moscow-russia-rus,National Settlement Depository,Europe,Russia,RUS,7,66316000
227598,2487,the-bank-of-new-york-mellon-corp,The Bank of New York Mellon Corp.,"Feb 16, 2016",2016,"Mar 7, 2016",2016,as-meridian-trade-bank,AS Meridian Trade Bank,AS Meridian Trade Bank,Europe,Latvia,LVA,turkiye-cummuriyeti-ziraat-bankasi-ankara-turkey-tur,Turkiye Cummuriyeti Ziraat Bankasi,Asia,Turkey,TUR,3,1000000
227602,2487,the-bank-of-new-york-mellon-corp,The Bank of New York Mellon Corp.,"Feb 5, 2016",2016,"Jul 19, 2016",2016,as-meridian-trade-bank,AS Meridian Trade Bank,AS Meridian Trade Bank,Europe,Latvia,LVA,international-invest-bank-kiev-ukraine-ukr,International Invest Bank,Europe,Ukraine,UKR,16,1792200
227603,2487,the-bank-of-new-york-mellon-corp,The Bank of New York Mellon Corp.,"Feb 2, 2016",2016,"Jun 22, 2016",2016,as-meridian-trade-bank,AS Meridian Trade Bank,AS Meridian Trade Bank,Europe,Latvia,LVA,ukrsotzbank-kiev-ukraine-ukr,Ukrsotzbank,Europe,Ukraine,UKR,6,3733968.8
227604,2462,the-bank-of-new-york-mellon-corp,The Bank of New York Mellon Corp.,"May 26, 2015",2015,"May 27, 2015",2015,jsc-norvik-banka,JSC Norvik Banka,JSC Norvik Banka,Europe,Latvia,LVA,bta-bank-almaty-kazakhstan-kaz,BTA Bank,Asia,Kazakhstan,KAZ,2,1000000
227605,2462,the-bank-of-new-york-mellon-corp,The Bank of New York Mellon Corp.,"Apr 21, 2015",2015,"Apr 21, 2015",2015,jsc-norvik-banka,JSC Norvik Banka,JSC Norvik Banka,Europe,Latvia,LVA,dbs-bank-ltd-singapore-sgp,DBS Bank Ltd,Asia,Singapore,SGP,1,1279972
227608,2462,the-bank-of-new-york-mellon-corp,The Bank of New York Mellon Corp.,"Apr 1, 2015",2015,"May 26, 2015",2015,jsc-norvik-banka,JSC Norvik Banka,JSC Norvik Banka,Europe,Latvia,LVA,unicredit-bank-cjsc-moscow-russia-rus,"UniCredit Bank, Cjsc",Europe,Russia,RUS,11,1493968
227610,2462,the-bank-of-new-york-mellon-corp,The Bank of New York Mellon Corp.,"Apr 16, 2015",2015,"May 7, 2015",2015,norvik-banka-jsc,Norvik Banka JSC,Norvik Banka JSC,Europe,Latvia,LVA,skandinaviska-enskilda-banken-new-york-ny-usa,Skandinaviska Enskilda Banken,North America,United States,USA,6,3351053.37
227612,2462,the-bank-of-new-york-mellon-corp,The Bank of New York Mellon Corp.,"Apr 20, 2015",2015,"May 29, 2015",2015,norvik-banka-jsc,Norvik Banka JSC,Norvik Banka JSC,Europe,Latvia,LVA,national-settlement-depository-moscow-russia-rus,National Settlement Depository,Europe,Russia,RUS,8,40800000
227716,3260,the-bank-of-new-york-mellon-corp,The Bank of New York Mellon Corp.,"Jul 18, 2014",2014,"Jul 18, 2014",2014,norvik-banka-jsc,Norvik Banka JSC,Norvik Banka JSC,Europe,Latvia,LVA,dnb-bank-asa-oslo-norway-nor,DNB Bank Asa,Europe,Norway,NOR,1,14900
230420,2441,the-bank-of-new-york-mellon-corp,The Bank of New York Mellon Corp.,"Sep 8, 2014",2014,"Sep 26, 2014",2014,ablv-bank-as,ABLV Bank AS,ABLV Bank AS,Europe,Latvia,LVA,ubs-ag-zurich-switzerland-che,UBS AG,Europe,Switzerland,CHE,8,3505035.83
230421,2441,the-bank-of-new-york-mellon-corp,The Bank of New York Mellon Corp.,"Aug 4, 2014",2014,"Aug 11, 2014",2014,ablv-bank-as,ABLV Bank AS,ABLV Bank AS,Europe,Latvia,LVA,lgt-bank-ltd-vaduz-liechtenstein-lie,LGT Bank Ltd,Europe,Liechtenstein,LIE,2,4205000
230422,2441,the-bank-of-new-york-mellon-corp,The Bank of New York Mellon Corp.,"Aug 8, 2014",2014,"Sep 3, 2014",2014,ablv-bank-as,ABLV Bank AS,ABLV Bank AS,Europe,Latvia,LVA,lgt-bank-ltd-vaduz-liechtenstein-lie,LGT Bank Ltd,Europe,Liechtenstein,LIE,8,3754654
230423,2441,the-bank-of-new-york-mellon-corp,The Bank of New York Mellon Corp.,"Sep 2, 2014",2014,"Sep 2, 2014",2014,ablv-bank-as,ABLV Bank AS,ABLV Bank AS,Europe,Latvia,LVA,bank-julius-baer-and-co-ag-zurich-switzerland-che,Bank Julius Baer And Co.  AG,Europe,Switzerland,CHE,1,4260000
230428,2441,the-bank-of-new-york-mellon-corp,The Bank of New York Mellon Corp.,"Aug 1, 2014",2014,"Sep 26, 2014",2014,aizkraukles-banka,Aizkraukles Banka,Aizkraukles Banka,Europe,Latvia,LVA,bank-vozrozhdenie-moscow-russia-rus,Bank Vozrozhdenie,Europe,Russia,RUS,12,24172000
230429,2441,the-bank-of-new-york-mellon-corp,The Bank of New York Mellon Corp.,"Aug 1, 2014",2014,"Sep 17, 2014",2014,aizkraukles-banka,Aizkraukles Banka,Aizkraukles Banka,Europe,Latvia,LVA,bank-vozrozhdenie-moscow-russia-rus,Bank Vozrozhdenie,Europe,Russia,RUS,13,24500000
230444,2434,the-bank-of-new-york-mellon-corp,The Bank of New York Mellon Corp.,"Apr 24, 2014",2014,"Apr 24, 2014",2014,norvik-banka-jsc,Norvik Banka JSC,Norvik Banka JSC,Europe,Latvia,LVA,bank-of-moscow-moscow-russia-rus,Bank of Moscow,Europe,Russia,RUS,1,7900000
230446,2434,the-bank-of-new-york-mellon-corp,The Bank of New York Mellon Corp.,"Mar 6, 2014",2014,"May 20, 2014",2014,jsc-norvik-banka,JSC Norvik Banka,JSC Norvik Banka,Europe,Latvia,LVA,rosbank-moscow-russia-rus,Rosbank,Europe,Russia,RUS,2,40000000
230450,2434,the-bank-of-new-york-mellon-corp,The Bank of New York Mellon Corp.,"Mar 7, 2014",2014,"Mar 7, 2014",2014,norvik-banka-jsc,Norvik Banka JSC,Norvik Banka JSC,Europe,Latvia,LVA,efg-bank-zurich-switzerland-che,EFG Bank,Europe,Switzerland,CHE,2,33599900
230451,2434,the-bank-of-new-york-mellon-corp,The Bank of New York Mellon Corp.,"Mar 3, 2014",2014,"Mar 3, 2014",2014,norvik-banka-jsc,Norvik Banka JSC,Norvik Banka JSC,Europe,Latvia,LVA,efg-bank-zurich-switzerland-che,EFG Bank,Europe,Switzerland,CHE,2,179700000
232834,2429,the-bank-of-new-york-mellon-corp,The Bank of New York Mellon Corp.,"Dec 6, 2013",2013,"Feb 25, 2014",2014,as-expobank,AS Expobank,AS Expobank,Europe,Latvia,LVA,credit-suisse-ag-zurich-switzerland-che,Credit Suisse AG,Europe,Switzerland,CHE,21,13423110
232835,2429,the-bank-of-new-york-mellon-corp,The Bank of New York Mellon Corp.,"Dec 3, 2013",2013,"Jan 31, 2014",2014,as-expobank,AS Expobank,AS Expobank,Europe,Latvia,LVA,credit-suisse-ag-zurich-switzerland-che,Credit Suisse AG,Europe,Switzerland,CHE,5,11320000
232836,2429,the-bank-of-new-york-mellon-corp,The Bank of New York Mellon Corp.,"Jan 9, 2014",2014,"Feb 25, 2014",2014,as-expobank,AS Expobank,AS Expobank,Europe,Latvia,LVA,far-eastern-bank-vladivostok-russia-rus,Far Eastern Bank,Europe,Russia,RUS,5,22520000
232838,2429,the-bank-of-new-york-mellon-corp,The Bank of New York Mellon Corp.,"Jan 30, 2014",2014,"Jan 30, 2014",2014,as-expobank,AS Expobank,AS Expobank,Europe,Latvia,LVA,credit-suisse-ag-zurich-switzerland-che,Credit Suisse AG,Europe,Switzerland,CHE,1,31000000
232839,2429,the-bank-of-new-york-mellon-corp,The Bank of New York Mellon Corp.,"Jan 30, 2014",2014,"Jan 30, 2014",2014,as-expobank,AS Expobank,AS Expobank,Europe,Latvia,LVA,credit-suisse-ag-zurich-switzerland-che,Credit Suisse AG,Europe,Switzerland,CHE,1,17000000
232840,2429,the-bank-of-new-york-mellon-corp,The Bank of New York Mellon Corp.,"Feb 11, 2014",2014,"Feb 12, 2014",2014,as-expobank,AS Expobank,AS Expobank,Europe,Latvia,LVA,credit-suisse-singapore-branch-singapore-sgp,"Credit Suisse, Singapore Branch",Asia,Singapore,SGP,2,52420000
232841,2429,the-bank-of-new-york-mellon-corp,The Bank of New York Mellon Corp.,"Dec 5, 2013",2013,"Dec 26, 2013",2013,as-expobank,AS Expobank,AS Expobank,Europe,Latvia,LVA,rosbank-moscow-russia-rus,Rosbank,Europe,Russia,RUS,3,67900000
232843,2429,the-bank-of-new-york-mellon-corp,The Bank of New York Mellon Corp.,"Dec 24, 2013",2013,"Dec 24, 2013",2013,as-expobank,AS Expobank,AS Expobank,Europe,Latvia,LVA,credit-suisse-ag-zurich-switzerland-che,Credit Suisse AG,Europe,Switzerland,CHE,1,100000000
234427,2494,the-bank-of-new-york-mellon-corp,The Bank of New York Mellon Corp.,"Sep 7, 2016",2016,"Sep 7, 2016",2016,norvik-banka-jsc,Norvik Banka JSC,Norvik Banka JSC,Europe,Latvia,LVA,unicredit-spa-milan-italy-ita,UniCredit Spa,Europe,Italy,ITA,1,273508.92
234428,2494,the-bank-of-new-york-mellon-corp,The Bank of New York Mellon Corp.,"Sep 12, 2016",2016,"Sep 13, 2016",2016,rietumu-banka,Rietumu Banka,Rietumu Banka,Europe,Latvia,LVA,ceskoslovenska-obchodna-banka-as-bratislava-slovakia-svk,Ceskoslovenska Obchodna Banka A.S.,Europe,Slovakia,SVK,2,305000
234429,2494,the-bank-of-new-york-mellon-corp,The Bank of New York Mellon Corp.,"Sep 18, 2016",2016,"Sep 19, 2016",2016,norvik-banka-jsc,Norvik Banka JSC,Norvik Banka JSC,Europe,Latvia,LVA,dbs-bank-ltd-singapore-sgp,DBS Bank Ltd,Asia,Singapore,SGP,2,392760
234430,2494,the-bank-of-new-york-mellon-corp,The Bank of New York Mellon Corp.,"Aug 31, 2016",2016,"Sep 29, 2016",2016,rietumu-banka,Rietumu Banka,Rietumu Banka,Europe,Latvia,LVA,piraeus-bank-cyprus-ltd-nicosia-cyprus-cyp,Piraeus Bank Cyprus Ltd,Europe,Cyprus,CYP,3,503808.82
234431,2494,the-bank-of-new-york-mellon-corp,The Bank of New York Mellon Corp.,"Sep 27, 2016",2016,"Sep 29, 2016",2016,norvik-banka-jsc,Norvik Banka JSC,Norvik Banka JSC,Europe,Latvia,LVA,bank-cial-basle-switzerland-che,Bank Cial,Europe,Switzerland,CHE,3,561180
234432,2494,the-bank-of-new-york-mellon-corp,The Bank of New York Mellon Corp.,"Sep 11, 2016",2016,"Sep 13, 2016",2016,norvik-banka-jsc,Norvik Banka JSC,Norvik Banka JSC,Europe,Latvia,LVA,dbs-bank-ltd-singapore-sgp,DBS Bank Ltd,Asia,Singapore,SGP,2,682987.29
234433,2494,the-bank-of-new-york-mellon-corp,The Bank of New York Mellon Corp.,"Sep 6, 2016",2016,"Sep 6, 2016",2016,norvik-banka-jsc,Norvik Banka JSC,Norvik Banka JSC,Europe,Latvia,LVA,lloyds-bank-plc-birmingham-england-gbr,Lloyds Bank Plc,Europe,United Kingdom,GBR,1,700000
234434,2494,the-bank-of-new-york-mellon-corp,The Bank of New York Mellon Corp.,"Sep 13, 2016",2016,"Sep 27, 2016",2016,norvik-banka-jsc,Norvik Banka JSC,Norvik Banka JSC,Europe,Latvia,LVA,dbs-bank-ltd-singapore-sgp,DBS Bank Ltd,Asia,Singapore,SGP,3,800000
234435,2494,the-bank-of-new-york-mellon-corp,The Bank of New York Mellon Corp.,"Sep 5, 2016",2016,"Sep 20, 2016",2016,rietumu-banka,Rietumu Banka,Rietumu Banka,Europe,Latvia,LVA,gorenjska-banka-dd-kranj-slovenia-svn,Gorenjska Banka D.D.,Europe,Slovenia,SVN,5,570000
234436,2494,the-bank-of-new-york-mellon-corp,The Bank of New York Mellon Corp.,"Sep 1, 2016",2016,"Sep 29, 2016",2016,rietumu-banka,Rietumu Banka,Rietumu Banka,Europe,Latvia,LVA,lloyds-tsb-bank-plc-crawley-united-kingdom-gbr,Lloyds TSB Bank Plc,Europe,United Kingdom,GBR,19,8697026.81
234441,2492,the-bank-of-new-york-mellon-corp,The Bank of New York Mellon Corp.,"Aug 19, 2016",2016,"Aug 19, 2016",2016,norvik-banka-jsc,Norvik Banka JSC,Norvik Banka JSC,Europe,Latvia,LVA,bank-for-foreign-trade-of-russia-khabarovsk-russia-rus,Bank For Foreign Trade of Russia,Europe,Russia,RUS,1,900000
234442,2492,the-bank-of-new-york-mellon-corp,The Bank of New York Mellon Corp.,"Aug 15, 2016",2016,"Sep 22, 2016",2016,norvik-banka-jsc,Norvik Banka JSC,Norvik Banka JSC,Europe,Latvia,LVA,national-settlement-depository-moscow-russia-rus,National Settlement Depository,Europe,Russia,RUS,2,1200000
234443,2492,the-bank-of-new-york-mellon-corp,The Bank of New York Mellon Corp.,"Sep 27, 2016",2016,"Sep 28, 2016",2016,norvik-banka-jsc,Norvik Banka JSC,Norvik Banka JSC,Europe,Latvia,LVA,bank-cial-switzerland-basle-switzerland-che,Bank Cial,Europe,Switzerland,CHE,2,373180
234444,2492,the-bank-of-new-york-mellon-corp,The Bank of New York Mellon Corp.,"Aug 30, 2016",2016,"Sep 30, 2016",2016,norvik-banka-jsc,Norvik Banka JSC,Norvik Banka JSC,Europe,Latvia,LVA,bank-cial-switzerland-basle-switzerland-che,Bank Cial,Europe,Switzerland,CHE,6,902000
234446,2492,the-bank-of-new-york-mellon-corp,The Bank of New York Mellon Corp.,"Aug 23, 2016",2016,"Sep 27, 2016",2016,norvik-banka-jsc,Norvik Banka JSC,Norvik Banka JSC,Europe,Latvia,LVA,dbs-bank-ltd-singapore-sgp,DBS Bank Ltd,Asia,Singapore,SGP,5,1420000
234450,2492,the-bank-of-new-york-mellon-corp,The Bank of New York Mellon Corp.,"Aug 2, 2016",2016,"Sep 30, 2016",2016,norvik-banka-jsc,Norvik Banka JSC,Norvik Banka JSC,Europe,Latvia,LVA,national-settlement-depository-moscow-russia-rus,National Settlement Depository,Europe,Russia,RUS,6,5952200
234686,3899,the-bank-of-new-york-mellon-corp,The Bank of New York Mellon Corp.,"Aug 9, 2013",2013,"Aug 9, 2013",2013,seb-banka,SEB Banka,SEB Banka,Europe,Latvia,LVA,ab-dnb-bankas-vilnius-lithuania-ltu,AB DNB Bankas,Europe,Lithuania,LTU,1,10000
234691,3899,the-bank-of-new-york-mellon-corp,The Bank of New York Mellon Corp.,"Aug 13, 2013",2013,"Aug 13, 2013",2013,swedbank-as,Swedbank AS,Swedbank AS,Europe,Latvia,LVA,ab-dnb-bankas-vilnius-lithuania-ltu,AB DNB Bankas,Europe,Lithuania,LTU,1,121.67
234700,2437,the-bank-of-new-york-mellon-corp,The Bank of New York Mellon Corp.,"Jun 26, 2014",2014,"Jul 29, 2014",2014,norvik-banka-jsc,Norvik Banka JSC,Norvik Banka JSC,Europe,Latvia,LVA,dnb-bank-asa-moscow-russia-rus,DNB Bank Asa,Europe,Russia,RUS,6,2521890.79
234701,2437,the-bank-of-new-york-mellon-corp,The Bank of New York Mellon Corp.,"Jul 18, 2014",2014,"Jul 18, 2014",2014,norvik-banka-jsc,Norvik Banka JSC,Norvik Banka JSC,Europe,Latvia,LVA,petrocommerce-ojsc-bank-moscow-russia-rus,Petrocommerce OJSC Bank,Europe,Russia,RUS,1,3000000
234705,2437,the-bank-of-new-york-mellon-corp,The Bank of New York Mellon Corp.,"Jun 27, 2014",2014,"Jun 27, 2014",2014,norvik-banka-jsc,Norvik Banka JSC,Norvik Banka JSC,Europe,Latvia,LVA,petrocommerce-ojsc-bank-moscow-russia-rus,Petrocommerce OJSC Bank,Europe,Russia,RUS,1,5200000
234707,2437,the-bank-of-new-york-mellon-corp,The Bank of New York Mellon Corp.,"Jul 25, 2014",2014,"Jul 31, 2014",2014,norvik-banka-jsc,Norvik Banka JSC,Norvik Banka JSC,Europe,Latvia,LVA,national-settlement-depository-moscow-russia-rus,National Settlement Depository,Europe,Russia,RUS,3,28750000
234709,2437,the-bank-of-new-york-mellon-corp,The Bank of New York Mellon Corp.,"Jun 4, 2014",2014,"Jul 2, 2014",2014,norvik-banka-jsc,Norvik Banka JSC,Norvik Banka JSC,Europe,Latvia,LVA,credit-suisse-singapore-sgp,Credit Suisse,Asia,Singapore,SGP,2,30000000
234712,2415,the-bank-of-new-york-mellon-corp,The Bank of New York Mellon Corp.,"Jul 9, 2013",2013,"Jul 9, 2013",2013,as-expobank,AS Expobank,AS Expobank,Europe,Latvia,LVA,vtb-bank-open-joint-stock-bank-moscow-russia-rus,VTB Bank,Europe,Russia,RUS,1,447777.2
234719,2415,the-bank-of-new-york-mellon-corp,The Bank of New York Mellon Corp.,"Jul 24, 2013",2013,"Jul 24, 2013",2013,as-expobank,AS Expobank,AS Expobank,Europe,Latvia,LVA,nomos-bank-open-joint-stock-co-moscow-russia-rus,Nomos Bank,Europe,Russia,RUS,1,111000000
234720,2421,the-bank-of-new-york-mellon-corp,The Bank of New York Mellon Corp.,"Apr 22, 2013",2013,"Apr 22, 2013",2013,as-expobank,AS Expobank,AS Expobank,Europe,Latvia,LVA,credit-suisse-ag-zurich-switzerland-che,Credit Suisse AG,Europe,Switzerland,CHE,1,26000
234722,2421,the-bank-of-new-york-mellon-corp,The Bank of New York Mellon Corp.,"Apr 2, 2013",2013,"May 28, 2013",2013,as-expobank,AS Expobank,AS Expobank,Europe,Latvia,LVA,pt-bank-central-asia-tbk-jakarta-indonesia-idn,PT Bank Central Asia Tbk,Asia,Indonesia,IDN,3,5086.31
234728,2421,the-bank-of-new-york-mellon-corp,The Bank of New York Mellon Corp.,"May 16, 2013",2013,"May 16, 2013",2013,as-expobank,AS Expobank,AS Expobank,Europe,Latvia,LVA,rigensis-bank-as-riga-latvia-lva,Rigensis Bank AS,Europe,Latvia,LVA,1,300000000
234742,2488,the-bank-of-new-york-mellon-corp,The Bank of New York Mellon Corp.,"Mar 7, 2016",2016,"Apr 29, 2016",2016,norvik-banka-jsc,Norvik Banka JSC,Norvik Banka JSC,Europe,Latvia,LVA,ceskoslovenska-obchodna-banka-as-bratislava-slovakia-svk,Ceskoslovenska Obchodna Banka AS,Europe,Slovakia,SVK,6,1154000
234749,2488,the-bank-of-new-york-mellon-corp,The Bank of New York Mellon Corp.,"Feb 24, 2016",2016,"Apr 26, 2016",2016,norvic-banka-jsc,Norvic Banka JSC,Norvic Banka JSC,Europe,Latvia,LVA,vtb-bank-open-joint-stock-bank-moscow-russia-rus,VTB Bank,Europe,Russia,RUS,4,7000289.6
234750,2488,the-bank-of-new-york-mellon-corp,The Bank of New York Mellon Corp.,"Feb 8, 2016",2016,"Apr 28, 2016",2016,norvik-banka-jsc,Norvik Banka JSC,Norvik Banka JSC,Europe,Latvia,LVA,national-settlement-depository-moscow-russia-rus,National Settlement Depository,Europe,Russia,RUS,10,36200000
234751,2488,the-bank-of-new-york-mellon-corp,The Bank of New York Mellon Corp.,"Feb 16, 2016",2016,"Apr 29, 2016",2016,norvik-banka-jsc,Norvik Banka JSC,Norvik Banka JSC,Europe,Latvia,LVA,euroclear-bank-brussels-belgium-bel,Euroclear Bank,Europe,Belgium,BEL,14,40289400
235138,3759,the-bank-of-new-york-mellon-corp,The Bank of New York Mellon Corp.,"Feb 9, 2015",2015,"Mar 26, 2015",2015,regionala-investiciju-banka,Regionala Investiciju Banka,Regionala Investiciju Banka,Europe,Latvia,LVA,pjsc-bank-vostok-dnepropetrovsk-ukraine-ukr,"PJSC ""Bank Vostok""",Europe,Ukraine,UKR,6,2327427.4
235139,3759,the-bank-of-new-york-mellon-corp,The Bank of New York Mellon Corp.,"Feb 5, 2015",2015,"Feb 10, 2015",2015,regionala-investiciju-banka,Regionala Investiciju Banka,Regionala Investiciju Banka,Europe,Latvia,LVA,pjsc-bank-vostok-dnepropetrovsk-ukraine-ukr,"PJSC ""Bank Vostok""",Europe,Ukraine,UKR,3,2354244.26
235143,3759,the-bank-of-new-york-mellon-corp,The Bank of New York Mellon Corp.,"Jul 2, 2015",2015,"Jul 7, 2015",2015,trasta-komercbanka,Trasta Komercbanka,Trasta Komercbanka,Europe,Latvia,LVA,credit-suisse-ag-zurich-switzerland-che,Credit Suisse AG,Europe,Switzerland,CHE,3,20000000
235198,3997,the-bank-of-new-york-mellon-corp,The Bank of New York Mellon Corp.,"Oct 4, 2016",2016,"Oct 25, 2016",2016,as-meridian-trade-bank,AS Meridian Trade Bank,AS Meridian Trade Bank,Europe,Latvia,LVA,credit-suisse-ag-zurich-switzerland-che,Credit Suisse AG,Europe,Switzerland,CHE,2,2172150
235259,2480,the-bank-of-new-york-mellon-corp,The Bank of New York Mellon Corp.,"Jan 19, 2016",2016,"Jan 20, 2016",2016,baltikums-bank,Baltikums Bank,Baltikums Bank,Europe,Latvia,LVA,ceska-sportelna-as-prague-czech-republic-cze,Ceska Sportelna A.S.,Europe,Czech Republic,CZE,2,599980
235261,2480,the-bank-of-new-york-mellon-corp,The Bank of New York Mellon Corp.,"Jan 5, 2016",2016,"Jan 8, 2016",2016,baltikums-bank,Baltikums Bank,Baltikums Bank,Europe,Latvia,LVA,kazkommertsbank-almaty-kazakhstan-kaz,Kazkommertsbank,Asia,Kazakhstan,KAZ,4,655000
235263,2480,the-bank-of-new-york-mellon-corp,The Bank of New York Mellon Corp.,"Jan 5, 2016",2016,"Jan 26, 2016",2016,baltikums-bank,Baltikums Bank,Baltikums Bank,Europe,Latvia,LVA,credit-suisse-singapore-branch-singapore-sgp,Credit Suisse Singapore Branch,Asia,Singapore,SGP,7,1045000
235264,2480,the-bank-of-new-york-mellon-corp,The Bank of New York Mellon Corp.,"Jan 13, 2016",2016,"Jan 21, 2016",2016,baltikums-bank,Baltikums Bank,Baltikums Bank,Europe,Latvia,LVA,national-bank-for-foreign-economic-activity-of-the-rep-of-uzbekistan-tashkent-uzbekistan-uzb,National Bank For Foreign Economic Activity of The Rep. of Uzbekistan,Asia,Uzbekistan,UZB,3,920000
235267,2480,the-bank-of-new-york-mellon-corp,The Bank of New York Mellon Corp.,"Jan 15, 2016",2016,"Jan 27, 2016",2016,baltikums-bank,Baltikums Bank,Baltikums Bank,Europe,Latvia,LVA,national-bank-for-foreign-economic-activity-of-the-rep-of-uzbekistan-tashkent-uzbekistan-uzb,National Bank For Foreign Economic Activity of The Rep.  of Uzbekistan,Asia,Uzbekistan,UZB,6,2773000
235516,2458,the-bank-of-new-york-mellon-corp,The Bank of New York Mellon Corp.,"Jan 14, 2015",2015,"Jan 14, 2015",2015,as-meridian-trade-bank,AS Meridian Trade Bank,AS Meridian Trade Bank,Europe,Latvia,LVA,wing-hang-bank-china-limited-shenzhen-china-chn,Wing Hang Bank,Asia,China,CHN,1,150000
235517,2458,the-bank-of-new-york-mellon-corp,The Bank of New York Mellon Corp.,"Jan 19, 2015",2015,"Jan 19, 2015",2015,as-meridian-trade-bank,AS Meridian Trade Bank,AS Meridian Trade Bank,Europe,Latvia,LVA,canara-bank-mumbai-india-ind,Canara Bank,Asia,India,IND,1,79974
235518,2458,the-bank-of-new-york-mellon-corp,The Bank of New York Mellon Corp.,"Jan 16, 2015",2015,"Jan 16, 2015",2015,as-meridian-trade-bank,AS Meridian Trade Bank,AS Meridian Trade Bank,Europe,Latvia,LVA,canara-bank-mumbai-india-ind,Canara Bank,Asia,India,IND,1,79974
235519,2458,the-bank-of-new-york-mellon-corp,The Bank of New York Mellon Corp.,"Feb 5, 2015",2015,"Mar 30, 2015",2015,as-meridian-trade-bank,AS Meridian Trade Bank,AS Meridian Trade Bank,Europe,Latvia,LVA,ing-belgium-sanv-brussels-belgium-bel,ING Belgium Sa/Nv,Europe,Belgium,BEL,4,179026.57
235520,2458,the-bank-of-new-york-mellon-corp,The Bank of New York Mellon Corp.,"Feb 5, 2015",2015,"Feb 5, 2015",2015,as-meridian-trade-bank,AS Meridian Trade Bank,AS Meridian Trade Bank,Europe,Latvia,LVA,turkiye-cummuriyeti-ziraat-bankasi-ankara-turkey-tur,Turkiye Cummuriyeti Ziraat Bankasi,Asia,Turkey,TUR,1,250000
235521,2458,the-bank-of-new-york-mellon-corp,The Bank of New York Mellon Corp.,"Feb 25, 2015",2015,"Feb 25, 2015",2015,as-meridian-trade-bank,AS Meridian Trade Bank,AS Meridian Trade Bank,Europe,Latvia,LVA,turkiye-finans-katilim-bankasi-as-istanbul-turkey-tur,Turkiye Finans Katilim Bankasi A.S.,Asia,Turkey,TUR,1,170428
235522,2458,the-bank-of-new-york-mellon-corp,The Bank of New York Mellon Corp.,"Mar 26, 2015",2015,"Mar 26, 2015",2015,as-meridian-trade-bank,AS Meridian Trade Bank,AS Meridian Trade Bank,Europe,Latvia,LVA,albaraka-turk-participation-bank-istanbul-turkey-tur,Albaraka Turk Participation Bank,Asia,Turkey,TUR,1,363900
235523,2458,the-bank-of-new-york-mellon-corp,The Bank of New York Mellon Corp.,"Mar 19, 2015",2015,"Mar 25, 2015",2015,as-meridian-trade-bank,AS Meridian Trade Bank,AS Meridian Trade Bank,Europe,Latvia,LVA,nurbank-jsc-almaty-rep-of-kazakhstan-kaz,Nurbank JSC,Asia,Kazakhstan,KAZ,3,369500
235524,2458,the-bank-of-new-york-mellon-corp,The Bank of New York Mellon Corp.,"Jan 15, 2015",2015,"Mar 27, 2015",2015,as-meridian-trade-bank,AS Meridian Trade Bank,AS Meridian Trade Bank,Europe,Latvia,LVA,habib-bank-a-g-zurich-zurich-switzerland-che,Habib Bank A G Zurich,Europe,Switzerland,CHE,19,2405655.96
235547,2402,the-bank-of-new-york-mellon-corp,The Bank of New York Mellon Corp.,"Sep 3, 2013",2013,"Sep 4, 2013",2013,norvik-banka-jsc,Norvik Banka JSC,Norvik Banka JSC,Europe,Latvia,LVA,commonwealth-bank-of-australia-ho-chi-minh-city-vietnam-vnm,Commonwealth Bank of Australia,Asia,Vietnam,VNM,3,573136.93
235566,2406,the-bank-of-new-york-mellon-corp,The Bank of New York Mellon Corp.,"Sep 9, 2013",2013,"Sep 9, 2013",2013,as-expobank,AS Expobank,AS Expobank,Europe,Latvia,LVA,credit-suisse-ag-zurich-switzerland-che,Credit Suisse AG,Europe,Switzerland,CHE,1,6000000
235567,2406,the-bank-of-new-york-mellon-corp,The Bank of New York Mellon Corp.,"Sep 10, 2013",2013,"Sep 10, 2013",2013,as-expobank,AS Expobank,AS Expobank,Europe,Latvia,LVA,international-bank-of-st-petersburg-ibsp-st-petersburg-russia-rus,International Bank of St Petersburg Ibsp,Europe,Russia,RUS,1,6400000
235568,2406,the-bank-of-new-york-mellon-corp,The Bank of New York Mellon Corp.,"Nov 15, 2013",2013,"Nov 15, 2013",2013,as-expobank,AS Expobank,AS Expobank,Europe,Latvia,LVA,rosbank-moscow-russia-rus,Rosbank,Europe,Russia,RUS,1,8000000
235571,2406,the-bank-of-new-york-mellon-corp,The Bank of New York Mellon Corp.,"Sep 3, 2013",2013,"Nov 26, 2013",2013,as-expobank,AS Expobank,AS Expobank,Europe,Latvia,LVA,credit-suisse-ag-zurich-switzerland-che,Credit Suisse AG,Europe,Switzerland,CHE,30,18018680
235572,2406,the-bank-of-new-york-mellon-corp,The Bank of New York Mellon Corp.,"Nov 27, 2013",2013,"Nov 27, 2013",2013,as-expobank,AS Expobank,AS Expobank,Europe,Latvia,LVA,rosbank-moscow-russia-rus,Rosbank,Europe,Russia,RUS,1,3500000
235573,2406,the-bank-of-new-york-mellon-corp,The Bank of New York Mellon Corp.,"Nov 26, 2013",2013,"Nov 26, 2013",2013,as-expobank,AS Expobank,AS Expobank,Europe,Latvia,LVA,rosbank-moscow-russia-rus,Rosbank,Europe,Russia,RUS,1,8000000
235574,2406,the-bank-of-new-york-mellon-corp,The Bank of New York Mellon Corp.,"Nov 26, 2013",2013,"Nov 26, 2013",2013,as-expobank,AS Expobank,AS Expobank,Europe,Latvia,LVA,rosbank-moscow-russia-rus,Rosbank,Europe,Russia,RUS,1,8000000
235575,2406,the-bank-of-new-york-mellon-corp,The Bank of New York Mellon Corp.,"Sep 19, 2013",2013,"Oct 31, 2013",2013,as-expobank,AS Expobank,AS Expobank,Europe,Latvia,LVA,credit-suisse-ag-zurich-switzerland-che,Credit Suisse AG,Europe,Switzerland,CHE,3,7685000
235576,2406,the-bank-of-new-york-mellon-corp,The Bank of New York Mellon Corp.,"Sep 19, 2013",2013,"Oct 31, 2013",2013,as-expobank,AS Expobank,AS Expobank,Europe,Latvia,LVA,credit-suisse-ag-zurich-switzerland-che,Credit Suisse AG,Europe,Switzerland,CHE,5,15039000
235577,2406,the-bank-of-new-york-mellon-corp,The Bank of New York Mellon Corp.,"Sep 20, 2013",2013,"Nov 20, 2013",2013,as-expobank,AS Expobank,AS Expobank,Europe,Latvia,LVA,nomos-bank-open-joint-stock-co-moscow-russia-rus,Nomos Bank,Europe,Russia,RUS,2,202500000
235715,2865,the-bank-of-new-york-mellon-corp,The Bank of New York Mellon Corp.,"Mar 13, 2015",2015,"Mar 31, 2015",2015,expobank,Expobank,Expobank,Europe,Latvia,LVA,credit-suisse-ag-zurich-switzerland-che,Credit Suisse AG,Europe,Switzerland,CHE,2,1080000
235716,2865,the-bank-of-new-york-mellon-corp,The Bank of New York Mellon Corp.,"Mar 10, 2015",2015,"Mar 30, 2015",2015,expobank,Expobank,Expobank,Europe,Latvia,LVA,bank-audi-sal-beirut-lebanon-lbn,Bank Audi Sal,Asia,Lebanon,LBN,2,1399934
235717,2865,the-bank-of-new-york-mellon-corp,The Bank of New York Mellon Corp.,"Mar 4, 2015",2015,"Mar 13, 2015",2015,expobank,Expobank,Expobank,Europe,Latvia,LVA,turkiye-finans-katilim-bankasi-as-istanbul-turkey-tur,Turkiye Finans Katilim Bankasi A.S. ,Asia,Turkey,TUR,3,1250253
235718,2865,the-bank-of-new-york-mellon-corp,The Bank of New York Mellon Corp.,"Mar 18, 2015",2015,"Mar 19, 2015",2015,expobank,Expobank,Expobank,Europe,Latvia,LVA,turkiye-finans-katilim-bankasi-as-istanbul-turkey-tur,Turkiye Finans Katilim Bankasi A.S. ,Asia,Turkey,TUR,3,1467500
235719,2865,the-bank-of-new-york-mellon-corp,The Bank of New York Mellon Corp.,"Mar 2, 2015",2015,"Mar 10, 2015",2015,expobank,Expobank,Expobank,Europe,Latvia,LVA,credit-suisse-ag-zurich-switzerland-che,Credit Suisse AG,Europe,Switzerland,CHE,2,1649757
235720,2865,the-bank-of-new-york-mellon-corp,The Bank of New York Mellon Corp.,"Mar 2, 2015",2015,"Mar 31, 2015",2015,expobank,Expobank,Expobank,Europe,Latvia,LVA,credit-suisse-ag-zurich-switzerland-che,Credit Suisse AG,Europe,Switzerland,CHE,11,1844000
235721,2865,the-bank-of-new-york-mellon-corp,The Bank of New York Mellon Corp.,"Mar 26, 2015",2015,"Mar 26, 2015",2015,expobank,Expobank,Expobank,Europe,Latvia,LVA,vtb-bank-austria-ag-vienna-austria-aut,VTB Bank,Europe,Austria,AUT,1,5160000
235722,2865,the-bank-of-new-york-mellon-corp,The Bank of New York Mellon Corp.,"Mar 5, 2015",2015,"Mar 5, 2015",2015,expobank,Expobank,Expobank,Europe,Latvia,LVA,credit-suisse-ag-zurich-switzerland-che,Credit Suisse AG,Europe,Switzerland,CHE,1,5250000
235723,2865,the-bank-of-new-york-mellon-corp,The Bank of New York Mellon Corp.,"Mar 3, 2015",2015,"Mar 17, 2015",2015,expobank,Expobank ,Expobank ,Europe,Latvia,LVA,credit-suisse-ag-zurich-switzerland-che,Credit Suisse AG,Europe,Switzerland,CHE,4,8495000
235997,2403,the-bank-of-new-york-mellon-corp,The Bank of New York Mellon Corp.,"Sep 18, 2013",2013,"Sep 18, 2013",2013,baltikums-bank,Baltikums Bank,Baltikums Bank,Europe,Latvia,LVA,bank-of-maharashtra-mumbai-india-ind,Bank of Maharashtra,Asia,India,IND,1,99980
235998,2403,the-bank-of-new-york-mellon-corp,The Bank of New York Mellon Corp.,"Sep 18, 2013",2013,"Sep 20, 2013",2013,baltikums-bank,Baltikums Bank,Baltikums Bank,Europe,Latvia,LVA,dbs-bank-ltd-singapore-sgp,DBS Bank Ltd,Asia,Singapore,SGP,2,882720
235999,2403,the-bank-of-new-york-mellon-corp,The Bank of New York Mellon Corp.,"Sep 26, 2013",2013,"Sep 26, 2013",2013,baltikums-bank,Baltikums Bank,Baltikums Bank,Europe,Latvia,LVA,andhra-bank-ltd-mumbai-india-ind,Andhra Bank Ltd,Asia,India,IND,1,76493
236002,2403,the-bank-of-new-york-mellon-corp,The Bank of New York Mellon Corp.,"Sep 5, 2013",2013,"Sep 23, 2013",2013,baltikums-bank,Baltikums Bank,Baltikums Bank,Europe,Latvia,LVA,public-joint-stock-company-fidobank-kyiv-ukraine-ukr,Public Joint Stock Company Fidobank,Europe,Ukraine,UKR,8,1599000
236080,2399,the-bank-of-new-york-mellon-corp,The Bank of New York Mellon Corp.,"Aug 15, 2013",2013,"Aug 16, 2013",2013,rietumu-banka-jsc,Rietumu Banka JSC,Rietumu Banka JSC,Europe,Latvia,LVA,prominvestbank-kiev-ukraine-ukr,Prominvestbank,Europe,Ukraine,UKR,2,1575000
236083,2399,the-bank-of-new-york-mellon-corp,The Bank of New York Mellon Corp.,"Aug 5, 2013",2013,"Aug 29, 2013",2013,rietumu-banka,Rietumu Banka,Rietumu Banka,Europe,Latvia,LVA,vozrozhdenie-moscow-russian-federation-rus,Vozrozhdenie,Europe,Russia,RUS,10,1826454
236084,2399,the-bank-of-new-york-mellon-corp,The Bank of New York Mellon Corp.,"Aug 2, 2013",2013,"Aug 22, 2013",2013,rietumu-banka,Rietumu Banka,Rietumu Banka,Europe,Latvia,LVA,temir-bank-almaty-kazakhstan-kaz,Temir Bank,Asia,Kazakhstan,KAZ,5,1934553.48
236085,2399,the-bank-of-new-york-mellon-corp,The Bank of New York Mellon Corp.,"Aug 1, 2013",2013,"Aug 13, 2013",2013,rietumu-banka,Rietumu Banka,Rietumu Banka,Europe,Latvia,LVA,sviaz-bank-moscow-russia-rus,Sviaz-Bank,Europe,Russia,RUS,4,2452651.86
236088,2399,the-bank-of-new-york-mellon-corp,The Bank of New York Mellon Corp.,"Aug 2, 2013",2013,"Aug 27, 2013",2013,rietumu-banka,Rietumu Banka,Rietumu Banka,Europe,Latvia,LVA,credit-suisse-zurich-switzerland-che,Credit Suisse,Europe,Switzerland,CHE,6,5037824.59
236089,2399,the-bank-of-new-york-mellon-corp,The Bank of New York Mellon Corp.,"Aug 1, 2013",2013,"Aug 30, 2013",2013,rietumu-banka,Rietumu Banka,Rietumu Banka,Europe,Latvia,LVA,petrocommerce-ojsc-bankmoscow-russia-rus,"Petrocommerce OJSC Bank(Moscow, Russia)",Europe,Russia,RUS,19,11534000
236321,2463,the-bank-of-new-york-mellon-corp,The Bank of New York Mellon Corp.,"May 5, 2015",2015,"May 26, 2015",2015,regionala-investiciju-banka,Regionala Investiciju Banka,Regionala Investiciju Banka,Europe,Latvia,LVA,pjsc-credit-europe-bank-kiev-ukraine-ukr,PJSC Credit Europe Bank,Europe,Ukraine,UKR,2,1529662.9
236322,2463,the-bank-of-new-york-mellon-corp,The Bank of New York Mellon Corp.,"Apr 7, 2015",2015,"May 26, 2015",2015,regionala-investiciju-banka,Regionala Investiciju Banka,Regionala Investiciju Banka,Europe,Latvia,LVA,pjsc-credit-europe-bank-kiev-ukraine-ukr,PJSC Credit Europe Bank,Europe,Ukraine,UKR,5,1488064.71
236323,2463,the-bank-of-new-york-mellon-corp,The Bank of New York Mellon Corp.,"Apr 28, 2015",2015,"May 29, 2015",2015,regionala-investiciju-banka,Regionala Investiciju Banka,Regionala Investiciju Banka,Europe,Latvia,LVA,kuwait-turkish-participation-bk-inc-istanbul-turkey-tur,Kuwait Turkish Participation Bk Inc,Asia,Turkey,TUR,7,2452871
236326,2463,the-bank-of-new-york-mellon-corp,The Bank of New York Mellon Corp.,"Apr 2, 2015",2015,"May 28, 2015",2015,regionala-investiciju-banka,Regionala Investiciju Banka,Regionala Investiciju Banka,Europe,Latvia,LVA,turkiye-cummuriyeti-ziraat-bankasi-ankara-turkey-tur,Turkiye Cummuriyeti Ziraat Bankasi,Asia,Turkey,TUR,11,3967550
236505,4273,the-bank-of-new-york-mellon-corp,The Bank of New York Mellon Corp.,"Apr 10, 2014",2014,"Apr 10, 2014",2014,akciju-komercbanka-baltikums,Akciju Komercbanka Baltikums,Akciju Komercbanka Baltikums,Europe,Latvia,LVA,ping-an-bank-co-ltd-east-shenzhen-china-chn,Ping An Bank Co Ltd,Asia,China,CHN,1,1606000
236506,4273,the-bank-of-new-york-mellon-corp,The Bank of New York Mellon Corp.,"Mar 24, 2014",2014,"Mar 24, 2014",2014,akciju-komercbanka-baltikums,Akciju Komercbanka Baltikums,Akciju Komercbanka Baltikums,Europe,Latvia,LVA,ping-an-bank-co-ltd-east-shenzhen-china-chn,Ping An Bank Co Ltd,Asia,China,CHN,1,100000
237023,2416,the-bank-of-new-york-mellon-corp,The Bank of New York Mellon Corp.,"Jun 3, 2013",2013,"Jul 25, 2013",2013,norvik-banka-jsc,Norvik Banka JSC,Norvik Banka JSC,Europe,Latvia,LVA,euroclear-bank-brussels-belgium-bel,Euroclear Bank,Europe,Belgium,BEL,29,135386900
237024,2416,the-bank-of-new-york-mellon-corp,The Bank of New York Mellon Corp.,"Jun 6, 2013",2013,"Aug 2, 2013",2013,norvik-banka-jsc,Norvik Banka JSC,Norvik Banka JSC,Europe,Latvia,LVA,vnesheconombank-moscow-russia-rus,Vnesheconombank,Europe,Russia,RUS,4,51172.71
237025,2416,the-bank-of-new-york-mellon-corp,The Bank of New York Mellon Corp.,"Jul 8, 2013",2013,"Jul 12, 2013",2013,norvik-banka-jsc,Norvik Banka JSC,Norvik Banka JSC,Europe,Latvia,LVA,euroclear-bank-brussels-belgium-bel,Euroclear Bank,Europe,Belgium,BEL,2,68793.29
237027,2416,the-bank-of-new-york-mellon-corp,The Bank of New York Mellon Corp.,"Jul 3, 2013",2013,"Aug 6, 2013",2013,norvik-banka-jsc,Norvik Banka JSC,Norvik Banka JSC,Europe,Latvia,LVA,moscow-industrial-bank-moscow-russia-rus,Moscow Industrial Bank,Europe,Russia,RUS,2,103366.83
237030,2416,the-bank-of-new-york-mellon-corp,The Bank of New York Mellon Corp.,"Jul 16, 2013",2013,"Jul 16, 2013",2013,norvik-banka-jsc,Norvik Banka JSC,Norvik Banka JSC,Europe,Latvia,LVA,vtb-bank-open-joint-stock-bank-moscow-russia-rus,VTB Bank,Europe,Russia,RUS,1,3000000
237274,4121,the-bank-of-new-york-mellon-corp,The Bank of New York Mellon Corp.,"Jul 17, 2013",2013,"Oct 15, 2013",2013,baltikums-bank-as,Baltikums Bank AS,Baltikums Bank AS,Europe,Latvia,LVA,bank-of-cyprus-public-company-ltd-nicosia-cyprus-cyp,Bank of Cyprus Public Company Ltd,Europe,Cyprus,CYP,7,5000000
237276,4121,the-bank-of-new-york-mellon-corp,The Bank of New York Mellon Corp.,"Oct 23, 2013",2013,"Oct 30, 2013",2013,trasta-komercbanka,Trasta Komercbanka,Trasta Komercbanka,Europe,Latvia,LVA,bsi-sa-zurich-switzerland-che,BSI SA,Europe,Switzerland,CHE,4,5780000
237277,4121,the-bank-of-new-york-mellon-corp,The Bank of New York Mellon Corp.,"Sep 18, 2013",2013,"Sep 20, 2013",2013,baltikums-bank,Baltikums Bank,Baltikums Bank,Europe,Latvia,LVA,dbs-bank-ltd-singapore-sgp,DBS Bank Ltd,Asia,Singapore,SGP,2,882720
237280,4121,the-bank-of-new-york-mellon-corp,The Bank of New York Mellon Corp.,"Oct 28, 2013",2013,"Nov 7, 2013",2013,baltikums-bank-as,Baltikums Bank AS,Baltikums Bank AS,Europe,Latvia,LVA,bnp-paribas-suisse-sa-geneva-switzerland-che,Bnp Paribas Suisse SA,Europe,Switzerland,CHE,5,12700000
237281,4121,the-bank-of-new-york-mellon-corp,The Bank of New York Mellon Corp.,"Dec 12, 2013",2013,"Dec 12, 2013",2013,regionala-investiciju-banka,Regionala Investiciju Banka,Regionala Investiciju Banka,Europe,Latvia,LVA,credit-agricole-suisse-sa-geneva-switzerland-che,Credit Agricole,Europe,Switzerland,CHE,1,3000000
237282,4121,the-bank-of-new-york-mellon-corp,The Bank of New York Mellon Corp.,"Dec 11, 2013",2013,"Dec 18, 2013",2013,regionala-investiciju-banka,Regionala Investiciju Banka,Regionala Investiciju Banka,Europe,Latvia,LVA,credit-agricole-suisse-sa-geneva-switzerland-che,Credit Agricole,Europe,Switzerland,CHE,2,3805000
237283,4121,the-bank-of-new-york-mellon-corp,The Bank of New York Mellon Corp.,"Nov 13, 2013",2013,"Nov 13, 2013",2013,regionala-investiciju-banka,Regionala Investiciju Banka,Regionala Investiciju Banka,Europe,Latvia,LVA,union-bancaire-privee-geneva-switzerland-che,Union Bancaire Privee,Europe,Switzerland,CHE,1,12851000
237419,3863,the-bank-of-new-york-mellon-corp,The Bank of New York Mellon Corp.,"Dec 21, 2016",2016,"Dec 21, 2016",2016,norvik-banka,Norvik Banka,Norvik Banka,Europe,Latvia,LVA,mashreqbank-psc-dubai-uae-are,Mashreqbank Psc,Asia,United Arab Emirates,ARE,1,50000
237574,2481,the-bank-of-new-york-mellon-corp,The Bank of New York Mellon Corp.,"Jan 7, 2016",2016,"Jan 25, 2016",2016,trasta-komercbanka,Trasta Komercbanka,Trasta Komercbanka,Europe,Latvia,LVA,commercial-innovation-bank-ukrsibbank-kiev-ukraine-ukr,Commercial Innovation Bank Ukrsibbank,Europe,Ukraine,UKR,2,500000
237576,2481,the-bank-of-new-york-mellon-corp,The Bank of New York Mellon Corp.,"Jan 12, 2016",2016,"Jan 22, 2016",2016,trasta-komercbanka,Trasta Komercbanka,Trasta Komercbanka,Europe,Latvia,LVA,halyk-savings-bank-almaty-kazakhstan-kaz,Halyk Savings Bank,Asia,Kazakhstan,KAZ,2,599987
237577,2481,the-bank-of-new-york-mellon-corp,The Bank of New York Mellon Corp.,"Jan 12, 2016",2016,"Jan 20, 2016",2016,trasta-komercbanka,Trasta Komercbanka,Trasta Komercbanka,Europe,Latvia,LVA,kazkommertsbank-almaty-kazakhstan-kaz,Kazkommertsbank,Asia,Kazakhstan,KAZ,2,518987
237578,2481,the-bank-of-new-york-mellon-corp,The Bank of New York Mellon Corp.,"Jan 5, 2016",2016,"Jan 5, 2016",2016,trasta-komercbanka,Trasta Komercbanka,Trasta Komercbanka,Europe,Latvia,LVA,fortebank-jsc-almaty-kazakhstan-kaz,Fortebank JSC,Asia,Kazakhstan,KAZ,1,700000
237579,2481,the-bank-of-new-york-mellon-corp,The Bank of New York Mellon Corp.,"Jan 25, 2016",2016,"Jan 25, 2016",2016,trasta-komercbanka,Trasta Komercbanka,Trasta Komercbanka,Europe,Latvia,LVA,credit-suisse-ag-zurich-switzerland-che,Credit Suisse AG,Europe,Switzerland,CHE,1,755000
237580,2481,the-bank-of-new-york-mellon-corp,The Bank of New York Mellon Corp.,"Jan 21, 2016",2016,"Jan 26, 2016",2016,trasta-komercbanka,Trasta Komercbanka,Trasta Komercbanka,Europe,Latvia,LVA,credit-suisse-ag-zurich-switzerland-che,Credit Suisse AG,Europe,Switzerland,CHE,3,5107800
237584,2449,the-bank-of-new-york-mellon-corp,The Bank of New York Mellon Corp.,"Nov 28, 2014",2014,"Nov 28, 2014",2014,rietumu-banka-jsc,Rietumu Banka JSC,Rietumu Banka JSC,Europe,Latvia,LVA,credit-europe-bank-ltd-moscow-russia-rus,Credit Europe Bank Ltd,Europe,Russia,RUS,1,3250000
237585,2449,the-bank-of-new-york-mellon-corp,The Bank of New York Mellon Corp.,"Nov 12, 2014",2014,"Nov 12, 2014",2014,rietumu-banka-jsc,Rietumu Banka JSC,Rietumu Banka JSC,Europe,Latvia,LVA,vietnam-technological-and-comml-joint-stock-bank-hanoi-vietnam-vnm,Vietnam Technological And Comm'L Joint Stock Bank,Asia,Vietnam,VNM,1,3265000
237596,2451,the-bank-of-new-york-mellon-corp,The Bank of New York Mellon Corp.,"Dec 18, 2014",2014,"Dec 23, 2014",2014,norvik-banka,Norvik Banka,Norvik Banka,Europe,Latvia,LVA,unibank-chisinau-moldova-mda,Unibank,Europe,Moldova,MDA,2,1360000
237597,2451,the-bank-of-new-york-mellon-corp,The Bank of New York Mellon Corp.,"Dec 3, 2014",2014,"Dec 9, 2014",2014,norvik-banka,Norvik Banka,Norvik Banka,Europe,Latvia,LVA,unibank-chisinau-moldova-mda,Unibank,Europe,Moldova,MDA,2,2352000
237602,2451,the-bank-of-new-york-mellon-corp,The Bank of New York Mellon Corp.,"Dec 30, 2014",2014,"Dec 30, 2014",2014,norvik-banka,Norvik Banka,Norvik Banka,Europe,Latvia,LVA,bank-otkritie-financial-corporation-moscow-russia-rus,Bank Otkritie Financial Corporation,Europe,Russia,RUS,4,7500000
237604,2451,the-bank-of-new-york-mellon-corp,The Bank of New York Mellon Corp.,"Nov 12, 2014",2014,"Dec 18, 2014",2014,norvik-banka-jsc,Norvik Banka JSC,Norvik Banka JSC,Europe,Latvia,LVA,national-settlement-depository-moscow-russia-rus,National Settlement Depository,Europe,Russia,RUS,7,31990000
237605,2451,the-bank-of-new-york-mellon-corp,The Bank of New York Mellon Corp.,"Nov 7, 2014",2014,"Dec 30, 2014",2014,norvik-banka,Norvik Banka,Norvik Banka,Europe,Latvia,LVA,national-settlement-depository-moscow-russia-rus,National Settlement Depository,Europe,Russia,RUS,5,72000000
237661,2724,the-bank-of-new-york-mellon-corp,The Bank of New York Mellon Corp.,"Dec 1, 2016",2016,"Dec 23, 2016",2016,as-expobank,AS Expobank,AS Expobank,Europe,Latvia,LVA,seb-bankas-vilnius-lithuania-ltu,SEB Bankas,Europe,Lithuania,LTU,11,5446480
237662,2724,the-bank-of-new-york-mellon-corp,The Bank of New York Mellon Corp.,"Dec 30, 2016",2016,"Dec 30, 2016",2016,as-expobank,AS Expobank,AS Expobank,Europe,Latvia,LVA,ubs-switzerland-ag-zurich-switzerland-che,UBS Switzerland AG,Europe,Switzerland,CHE,1,10000000
237676,2452,the-bank-of-new-york-mellon-corp,The Bank of New York Mellon Corp.,"Dec 19, 2014",2014,"Dec 19, 2014",2014,as-meridian-trade-bank,AS Meridian Trade Bank,AS Meridian Trade Bank,Europe,Latvia,LVA,kuwait-turkish-participation-bk-inc-istanbul-turkey-tur,Kuwait Turkish Participation Bk Inc,Asia,Turkey,TUR,1,223000
237677,2452,the-bank-of-new-york-mellon-corp,The Bank of New York Mellon Corp.,"Dec 15, 2014",2014,"Dec 15, 2014",2014,as-meridian-trade-bank,AS Meridian Trade Bank,AS Meridian Trade Bank,Europe,Latvia,LVA,canara-bank-mumbai-india-ind,Canara Bank,Asia,India,IND,1,294874
237678,2452,the-bank-of-new-york-mellon-corp,The Bank of New York Mellon Corp.,"Nov 28, 2014",2014,"Nov 28, 2014",2014,as-meridian-trade-bank,AS Meridian Trade Bank,AS Meridian Trade Bank,Europe,Latvia,LVA,asya-katilim-bankasi-as-istanbul-turkey-tur,Asya Katilim Bankasi A.S. ,Asia,Turkey,TUR,1,73186
237679,2452,the-bank-of-new-york-mellon-corp,The Bank of New York Mellon Corp.,"Nov 28, 2014",2014,"Nov 28, 2014",2014,as-meridian-trade-bank,AS Meridian Trade Bank,AS Meridian Trade Bank,Europe,Latvia,LVA,shanghai-pudong-development-bank-shanghai-china-chn,Shanghai Pudong Development Bank,Asia,China,CHN,1,99958.4
237680,2452,the-bank-of-new-york-mellon-corp,The Bank of New York Mellon Corp.,"Nov 20, 2014",2014,"Dec 29, 2014",2014,as-meridian-trade-bank,AS Meridian Trade Bank,AS Meridian Trade Bank,Europe,Latvia,LVA,rosbank-moscow-russia-rus,Rosbank,Europe,Russia,RUS,1,33000
237681,2452,the-bank-of-new-york-mellon-corp,The Bank of New York Mellon Corp.,"Nov 20, 2014",2014,"Dec 29, 2014",2014,as-meridian-trade-bank,AS Meridian Trade Bank,AS Meridian Trade Bank,Europe,Latvia,LVA,rosbank-moscow-russia-rus,Rosbank,Europe,Russia,RUS,2,34000
237682,2452,the-bank-of-new-york-mellon-corp,The Bank of New York Mellon Corp.,"Nov 20, 2014",2014,"Dec 29, 2014",2014,as-meridian-trade-bank,AS Meridian Trade Bank,AS Meridian Trade Bank,Europe,Latvia,LVA,rosbank-moscow-russia-rus,Rosbank,Europe,Russia,RUS,2,58850
237684,2452,the-bank-of-new-york-mellon-corp,The Bank of New York Mellon Corp.,"Nov 20, 2014",2014,"Nov 20, 2014",2014,as-meridian-trade-bank,AS Meridian Trade Bank,AS Meridian Trade Bank,Europe,Latvia,LVA,turkiye-cummuriyeti-ziraat-bankasi-ankara-turkey-tur,Turkiye Cummuriyeti Ziraat Bankasi,Asia,Turkey,TUR,1,32990
237685,2452,the-bank-of-new-york-mellon-corp,The Bank of New York Mellon Corp.,"Nov 3, 2014",2014,"Nov 3, 2014",2014,as-meridian-trade-bank,AS Meridian Trade Bank,AS Meridian Trade Bank,Europe,Latvia,LVA,turkiye-cummuriyeti-ziraat-bankasi-ankara-turkey-tur,Turkiye Cummuriyeti Ziraat Bankasi,Asia,Turkey,TUR,1,104000
237686,2452,the-bank-of-new-york-mellon-corp,The Bank of New York Mellon Corp.,"Nov 3, 2014",2014,"Dec 18, 2014",2014,as-meridian-trade-bank,AS Meridian Trade Bank,AS Meridian Trade Bank,Europe,Latvia,LVA,turkiye-cummuriyeti-ziraat-bankasi-ankara-turkey-tur,Turkiye Cummuriyeti Ziraat Bankasi,Asia,Turkey,TUR,3,610000
237787,4019,the-bank-of-new-york-mellon-corp,The Bank of New York Mellon Corp.,"Aug 14, 2013",2013,"Aug 29, 2013",2013,trasta-komercbanka,Trasta Komercbanka,Trasta Komercbanka,Europe,Latvia,LVA,dbs-bank-ltd-singapore-sgp,DBS Bank Ltd,Asia,Singapore,SGP,2,297057.24
237901,2446,the-bank-of-new-york-mellon-corp,The Bank of New York Mellon Corp.,"Oct 1, 2014",2014,"Oct 14, 2014",2014,baltikums-bank,Baltikums Bank,Baltikums Bank,Europe,Latvia,LVA,meinl-bank-ag-viennaaustria-aut,Meinl Bank AG,Europe,Austria,AUT,4,1113805
237903,2446,the-bank-of-new-york-mellon-corp,The Bank of New York Mellon Corp.,"Oct 27, 2014",2014,"Oct 27, 2014",2014,baltikums-bank,Baltikums Bank,Baltikums Bank,Europe,Latvia,LVA,banque-de-commerce-et-de-placements-s-a-geneva-switzerland-che,Banque De Commerce Et De Placements SA,Europe,Switzerland,CHE,1,1988000
237904,2446,the-bank-of-new-york-mellon-corp,The Bank of New York Mellon Corp.,"Oct 14, 2014",2014,"Oct 23, 2014",2014,baltikums-bank,Baltikums Bank,Baltikums Bank,Europe,Latvia,LVA,bank-zachodni-wbk-sa-poznan-poland-pol,Bank Zachodni Wbk SA,Europe,Poland,POL,3,2388720
237908,2446,the-bank-of-new-york-mellon-corp,The Bank of New York Mellon Corp.,"Oct 8, 2014",2014,"Oct 8, 2014",2014,baltikums-bank,Baltikums Bank,Baltikums Bank,Europe,Latvia,LVA,commonwealth-bank-of-australia-sydney-australia-aus,Commonwealth Bank of Australia,Australia,Australia,AUS,1,41178.8
237909,3491,the-bank-of-new-york-mellon-corp,The Bank of New York Mellon Corp.,"Nov 12, 2013",2013,"Nov 26, 2013",2013,rigensis-bank-as,Rigensis Bank AS,Rigensis Bank AS,Europe,Latvia,LVA,rigensis-bank-as-riga-latvia-lva,Rigensis Bank AS,Europe,Latvia,LVA,3,56450000
237910,3491,the-bank-of-new-york-mellon-corp,The Bank of New York Mellon Corp.,"Oct 25, 2013",2013,"Nov 26, 2013",2013,rigensis-bank-as,Rigensis Bank AS,Rigensis Bank AS,Europe,Latvia,LVA,rigensis-bank-as-riga-latvia-lva,Rigensis Bank AS,Europe,Latvia,LVA,2,6000000
237911,3491,the-bank-of-new-york-mellon-corp,The Bank of New York Mellon Corp.,"Sep 6, 2013",2013,"Oct 15, 2013",2013,rigensis-bank-as,Rigensis Bank AS,Rigensis Bank AS,Europe,Latvia,LVA,rigensis-bank-as-riga-latvia-lva,Rigensis Bank AS,Europe,Latvia,LVA,2,5480000
237916,3491,the-bank-of-new-york-mellon-corp,The Bank of New York Mellon Corp.,"Nov 15, 2013",2013,"Nov 15, 2013",2013,rigensis-bank-as,Rigensis Bank AS,Rigensis Bank AS,Europe,Latvia,LVA,ppf-banka-as-prague-czech-republic-cze,PPF Banka A.S.,Europe,Czech Republic,CZE,1,10100000
237917,3491,the-bank-of-new-york-mellon-corp,The Bank of New York Mellon Corp.,"Sep 5, 2013",2013,"Oct 28, 2013",2013,rigensis-bank-as,Rigensis Bank AS,Rigensis Bank AS,Europe,Latvia,LVA,credit-suisse-ag-zurich-switzerland-che,Credit Suisse AG,Europe,Switzerland,CHE,2,7120000
237918,3491,the-bank-of-new-york-mellon-corp,The Bank of New York Mellon Corp.,"Oct 15, 2013",2013,"Oct 15, 2013",2013,rigensis-bank-as,Rigensis Bank AS,Rigensis Bank AS,Europe,Latvia,LVA,sberbank-of-russia-kiev-ukraine-ukr,Sberbank of Russia,Europe,Ukraine,UKR,1,40000000
238033,2484,the-bank-of-new-york-mellon-corp,The Bank of New York Mellon Corp.,"Jan 26, 2016",2016,"Jan 26, 2016",2016,as-expo-bank,AS Expo Bank,AS Expo Bank,Europe,Latvia,LVA,unicredit-bank-cjsc-moscow-russia-rus,"UniCredit Bank, Cjsc",Europe,Russia,RUS,1,2170000
238435,3270,the-bank-of-new-york-mellon-corp,The Bank of New York Mellon Corp.,"Jan 7, 2015",2015,"Jan 12, 2015",2015,aizkraukles-banka,Aizkraukles Banka,Aizkraukles Banka,Europe,Latvia,LVA,nurbank-jsc-almaty-kazakhstan-kaz,Nurbank JSC Almaty,Asia,Kazakhstan,KAZ,2,412255.87
238436,3270,the-bank-of-new-york-mellon-corp,The Bank of New York Mellon Corp.,"Jan 16, 2015",2015,"Jan 22, 2015",2015,aizkraukles-banka,Aizkraukles Banka,Aizkraukles Banka,Europe,Latvia,LVA,first-national-bank-salbeirut-beirut-lebanon-lbn,"First National Bank S.A.L.,Beirut",Asia,Lebanon,LBN,2,72188.43
238500,2405,the-bank-of-new-york-mellon-corp,The Bank of New York Mellon Corp.,"Nov 12, 2013",2013,"Nov 18, 2013",2013,norvik-banka-jsc,Norvik Banka JSC,Norvik Banka JSC,Europe,Latvia,LVA,credit-europe-bank-nv-amsterdam-netherlands-nld,Credit Europe Bank N.V.,Europe,Netherlands,NLD,4,1375630
238501,2405,the-bank-of-new-york-mellon-corp,The Bank of New York Mellon Corp.,"Oct 9, 2013",2013,"Nov 21, 2013",2013,norvik-banka-jsc,Norvik Banka JSC,Norvik Banka JSC,Europe,Latvia,LVA,coutts-and-company-london-england-gbr,Coutts And Company,Europe,United Kingdom,GBR,4,1500000
238505,2405,the-bank-of-new-york-mellon-corp,The Bank of New York Mellon Corp.,"Oct 17, 2013",2013,"Nov 21, 2013",2013,norvik-banka-jsc,Norvik Banka JSC,Norvik Banka JSC,Europe,Latvia,LVA,bta-bank-almaty-kazakhstan-kaz,BTA Bank,Asia,Kazakhstan,KAZ,7,3000000
239189,2874,the-bank-of-new-york-mellon-corp,The Bank of New York Mellon Corp.,"Jun 28, 2013",2013,"Jun 28, 2013",2013,as-expobank,AS Expobank,AS Expobank,Europe,Latvia,LVA,credit-suisse-ag-zurich-switzerland-che,Credit Suisse AG,Europe,Switzerland,CHE,1,6546674.05
239190,2874,the-bank-of-new-york-mellon-corp,The Bank of New York Mellon Corp.,"Jun 25, 2013",2013,"Jul 11, 2013",2013,as-expobank,AS Expobank,AS Expobank,Europe,Latvia,LVA,credit-suisse-ag-zurich-switzerland-che,Credit Suisse AG,Europe,Switzerland,CHE,3,16150000
239191,2874,the-bank-of-new-york-mellon-corp,The Bank of New York Mellon Corp.,"Jul 12, 2013",2013,"Jul 12, 2013",2013,as-expobank,AS Expobank,AS Expobank,Europe,Latvia,LVA,bank-soyuz-moscow-russia-rus,Bank Soyuz,Europe,Russia,RUS,2,9000000
239192,2874,the-bank-of-new-york-mellon-corp,The Bank of New York Mellon Corp.,"Jun 8, 2013",2013,"Jun 8, 2013",2013,as-expobank,AS Expobank,AS Expobank,Europe,Latvia,LVA,credit-suisse-ag-zurich-switzerland-che,Credit Suisse AG,Europe,Switzerland,CHE,1,110000000
239193,2874,the-bank-of-new-york-mellon-corp,The Bank of New York Mellon Corp.,"Jun 5, 2013",2013,"Jun 5, 2013",2013,as-expobank,AS Expobank,AS Expobank,Europe,Latvia,LVA,credit-suisse-ag-zurich-switzerland-che,Credit Suisse AG,Europe,Switzerland,CHE,1,12500000
239195,2874,the-bank-of-new-york-mellon-corp,The Bank of New York Mellon Corp.,"Jun 4, 2013",2013,"Jun 28, 2013",2013,as-expobank,AS Expobank,AS Expobank,Europe,Latvia,LVA,bank-soyuz-moscow-russia-rus,Bank Soyuz,Europe,Russia,RUS,4,100059000
239200,2874,the-bank-of-new-york-mellon-corp,The Bank of New York Mellon Corp.,"Jun 17, 2013",2013,"Jun 17, 2013",2013,as-expobank,AS Expobank,AS Expobank,Europe,Latvia,LVA,credit-suisse-ag-zurich-switzerland-che,Credit Suisse AG,Europe,Switzerland,CHE,2,15000000
239201,2874,the-bank-of-new-york-mellon-corp,The Bank of New York Mellon Corp.,"Jul 22, 2013",2013,"Jul 23, 2013",2013,as-expobank,AS Expobank,AS Expobank,Europe,Latvia,LVA,credit-suisse-ag-zurich-switzerland-che,Credit Suisse AG,Europe,Switzerland,CHE,3,30000000
239203,2859,the-bank-of-new-york-mellon-corp,The Bank of New York Mellon Corp.,"May 31, 2013",2013,"May 31, 2013",2013,as-expobank,AS Expobank,AS Expobank,Europe,Latvia,LVA,bank-soyuz-moscow-russia-rus,Bank Soyuz,Europe,Russia,RUS,1,50000000
239204,2859,the-bank-of-new-york-mellon-corp,The Bank of New York Mellon Corp.,"May 3, 2013",2013,"May 3, 2013",2013,as-expobank,AS Expobank,AS Expobank,Europe,Latvia,LVA,rosbank-mosow-russia-rus,Rosbank,Europe,Russia,RUS,1,10000000
239206,2859,the-bank-of-new-york-mellon-corp,The Bank of New York Mellon Corp.,"Apr 19, 2013",2013,"Apr 19, 2013",2013,as-expobank,AS Expobank,AS Expobank,Europe,Latvia,LVA,credit-suisse-ag-zurich-switzerland-che,Credit Suisse Ag,Europe,Switzerland,CHE,1,20000000
239207,2859,the-bank-of-new-york-mellon-corp,The Bank of New York Mellon Corp.,"Apr 3, 2013",2013,"Apr 3, 2013",2013,as-expobank,AS Expobank,AS Expobank,Europe,Latvia,LVA,credit-suisse-ag-zurich-switzerland-che,Credit Suisse Ag,Europe,Switzerland,CHE,2,11163757
239208,2859,the-bank-of-new-york-mellon-corp,The Bank of New York Mellon Corp.,"May 15, 2013",2013,"May 15, 2013",2013,as-expobank,AS Expobank,AS Expobank,Europe,Latvia,LVA,credit-suisse-ag-zurich-switzerland-che,Credit Suisse AG,Europe,Switzerland,CHE,2,270000000
239209,2859,the-bank-of-new-york-mellon-corp,The Bank of New York Mellon Corp.,"Apr 19, 2013",2013,"May 31, 2013",2013,as-expobank,AS Expobank,AS Expobank,Europe,Latvia,LVA,bank-soyuz-moscow-russia-rus,Bank Soyuz,Europe,Russia,RUS,4,266479000
239211,2859,the-bank-of-new-york-mellon-corp,The Bank of New York Mellon Corp.,"Apr 24, 2013",2013,"May 16, 2013",2013,as-expobank,AS Expobank,AS Expobank,Europe,Latvia,LVA,bank-soyuz-moscow-russia-rus,Bank Soyuz,Europe,Russia,RUS,5,303896900
239212,2859,the-bank-of-new-york-mellon-corp,The Bank of New York Mellon Corp.,"Apr 2, 2013",2013,"May 30, 2013",2013,as-expobank,AS Expobank,AS Expobank,Europe,Latvia,LVA,credit-suisse-ag-zurich-switzerland-che,Credit Suisse Ag,Europe,Switzerland,CHE,20,6478770
239540,2718,the-bank-of-new-york-mellon-corp,The Bank of New York Mellon Corp.,"Aug 22, 2013",2013,"Aug 22, 2013",2013,as-expobank,AS Expobank,AS Expobank,Europe,Latvia,LVA,credit-suisse-ag-zurich-switzerland-che,Credit Suisse AG,Europe,Switzerland,CHE,1,540000
239541,2718,the-bank-of-new-york-mellon-corp,The Bank of New York Mellon Corp.,"Aug 14, 2013",2013,"Aug 30, 2013",2013,as-expobank,AS Expobank,AS Expobank,Europe,Latvia,LVA,credit-suisse-ag-zurich-switzerland-che,Credit Suisse AG,Europe,Switzerland,CHE,2,580000
239542,2718,the-bank-of-new-york-mellon-corp,The Bank of New York Mellon Corp.,"Aug 21, 2013",2013,"Aug 21, 2013",2013,as-expobank,AS Expobank,AS Expobank,Europe,Latvia,LVA,rosbank-moscow-russia-rus,Rosbank,Europe,Russia,RUS,1,1300000
239543,2718,the-bank-of-new-york-mellon-corp,The Bank of New York Mellon Corp.,"Aug 12, 2013",2013,"Aug 29, 2013",2013,as-expobank,AS Expobank,AS Expobank,Europe,Latvia,LVA,credit-suisse-ag-zurich-switzerland-che,Credit Suisse AG,Europe,Switzerland,CHE,2,1307643.85
239544,2718,the-bank-of-new-york-mellon-corp,The Bank of New York Mellon Corp.,"Aug 5, 2013",2013,"Aug 26, 2013",2013,as-expobank,AS Expobank,AS Expobank,Europe,Latvia,LVA,credit-europe-bank-nv-amsterdam-netherlands-nld,Credit Europe Bank N.V. ,Europe,Netherlands,NLD,8,1812263.4
239545,2718,the-bank-of-new-york-mellon-corp,The Bank of New York Mellon Corp.,"Aug 9, 2013",2013,"Aug 9, 2013",2013,as-expobank,AS Expobank,AS Expobank,Europe,Latvia,LVA,bank-vozrozhdenie-moscow-russia-rus,Bank Vozrozhdenie,Europe,Russia,RUS,1,2999584.19
239546,2718,the-bank-of-new-york-mellon-corp,The Bank of New York Mellon Corp.,"Aug 14, 2013",2013,"Aug 14, 2013",2013,as-expobank,AS Expobank,AS Expobank,Europe,Latvia,LVA,credit-suisse-ag-zurich-switzerland-che,Credit Suisse AG,Europe,Switzerland,CHE,1,3000000
239547,2718,the-bank-of-new-york-mellon-corp,The Bank of New York Mellon Corp.,"Aug 16, 2013",2013,"Aug 16, 2013",2013,as-expobank,AS Expobank,AS Expobank,Europe,Latvia,LVA,credit-suisse-ag-zurich-switzerland-che,Credit Suisse AG,Europe,Switzerland,CHE,1,4000000
239548,2718,the-bank-of-new-york-mellon-corp,The Bank of New York Mellon Corp.,"Aug 5, 2013",2013,"Aug 30, 2013",2013,as-expobank,AS Expobank,AS Expobank,Europe,Latvia,LVA,credit-suisse-ag-zurich-switzerland-che,Credit Suisse AG,Europe,Switzerland,CHE,13,5177570
239549,2718,the-bank-of-new-york-mellon-corp,The Bank of New York Mellon Corp.,"Aug 15, 2013",2013,"Aug 15, 2013",2013,as-expobank,AS Expobank,AS Expobank,Europe,Latvia,LVA,bank-soyuz-moscow-russia-rus,Bank Soyuz,Europe,Russia,RUS,1,15900000
239555,2864,the-bank-of-new-york-mellon-corp,The Bank of New York Mellon Corp.,"Apr 7, 2015",2015,"Apr 15, 2015",2015,as-expobank,AS Expobank,AS Expobank,Europe,Latvia,LVA,credit-suisse-ag-zurich-switzerland-che,Credit Suisse AG,Europe,Switzerland,CHE,4,662000
239557,2864,the-bank-of-new-york-mellon-corp,The Bank of New York Mellon Corp.,"Apr 13, 2015",2015,"Apr 13, 2015",2015,as-expobank,AS Expobank,AS Expobank,Europe,Latvia,LVA,credit-suisse-ag-zurich-switzerland-che,Credit Suisse AG,Europe,Switzerland,CHE,1,790600
239558,2864,the-bank-of-new-york-mellon-corp,The Bank of New York Mellon Corp.,"Apr 10, 2015",2015,"Apr 21, 2015",2015,as-expobank,AS Expobank,AS Expobank,Europe,Latvia,LVA,turkiye-finans-katilim-bankasi-as-istanbul-turkey-tur,Turkiye Finans Katilim Bankasi A.S.,Asia,Turkey,TUR,3,1201000
239559,2864,the-bank-of-new-york-mellon-corp,The Bank of New York Mellon Corp.,"Apr 2, 2015",2015,"May 18, 2015",2015,as-expobank,AS Expobank,AS Expobank,Europe,Latvia,LVA,bank-audi-sal-beirut-lebanon-lbn,Bank Audi Sal,Asia,Lebanon,LBN,3,1344901
239560,2864,the-bank-of-new-york-mellon-corp,The Bank of New York Mellon Corp.,"May 8, 2015",2015,"May 8, 2015",2015,as-expobank,AS Expobank,AS Expobank,Europe,Latvia,LVA,credit-suisse-ag-zurich-switzerland-che,Credit Suisse AG,Europe,Switzerland,CHE,1,4450000
239562,2450,the-bank-of-new-york-mellon-corp,The Bank of New York Mellon Corp.,"Nov 12, 2014",2014,"Dec 24, 2014",2014,as-expobank,AS Expobank,AS Expobank,Europe,Latvia,LVA,far-eastern-bank-vladivostok-russia-rus,Far Eastern Bank,Europe,Russia,RUS,3,2762000
239563,2450,the-bank-of-new-york-mellon-corp,The Bank of New York Mellon Corp.,"Nov 18, 2014",2014,"Dec 31, 2014",2014,as-expobank,AS Expobank,AS Expobank,Europe,Latvia,LVA,credit-suisse-ag-zurich-switzerland-che,Credit Suisse AG,Europe,Switzerland,CHE,3,3460000
239565,2450,the-bank-of-new-york-mellon-corp,The Bank of New York Mellon Corp.,"Nov 6, 2014",2014,"Dec 31, 2014",2014,as-expobank,AS Expobank,AS Expobank,Europe,Latvia,LVA,credit-suisse-ag-zurich-switzerland-che,Credit Suisse AG,Europe,Switzerland,CHE,20,7328800
239566,2450,the-bank-of-new-york-mellon-corp,The Bank of New York Mellon Corp.,"Nov 3, 2014",2014,"Dec 30, 2014",2014,as-expobank,AS Expobank,AS Expobank,Europe,Latvia,LVA,denizbank-as-istanbul-turkey-tur,Denizbank A.S.,Asia,Turkey,TUR,12,7447499.15
239567,2450,the-bank-of-new-york-mellon-corp,The Bank of New York Mellon Corp.,"Nov 13, 2014",2014,"Dec 12, 2014",2014,as-expobank,AS Expobank,AS Expobank,Europe,Latvia,LVA,turkiye-finans-katilim-bankasi-as-istanbul-turkey-tur,Turkiye Finans Katilim Bankasi A.S. ,Asia,Turkey,TUR,5,7890000
239568,2450,the-bank-of-new-york-mellon-corp,The Bank of New York Mellon Corp.,"Nov 19, 2015",2015,"Nov 19, 2015",2015,as-expobank,AS Expobank,AS Expobank,Europe,Latvia,LVA,ing-bank-eurasia-zao-moscow-russia-rus,ING Bank Eurasia Zao,Europe,Russia,RUS,1,8514315.76
239570,2885,the-bank-of-new-york-mellon-corp,The Bank of New York Mellon Corp.,"Sep 14, 2015",2015,"Sep 14, 2015",2015,as-expobank,AS Expobank,AS Expobank,Europe,Latvia,LVA,credit-suisse-ag-zurich-switzerland-che,Credit Suisse AG,Europe,Switzerland,CHE,1,1000000
239571,2885,the-bank-of-new-york-mellon-corp,The Bank of New York Mellon Corp.,"Sep 25, 2015",2015,"Sep 25, 2015",2015,as-expobank,AS Expobank,AS Expobank,Europe,Latvia,LVA,bank-of-beirut-sal-beirut-lebanon-lbn,Bank of Beirut S.A.L.,Asia,Lebanon,LBN,1,850800
239572,2885,the-bank-of-new-york-mellon-corp,The Bank of New York Mellon Corp.,"Sep 4, 2015",2015,"Sep 23, 2015",2015,as-expobank,AS Expobank,AS Expobank,Europe,Latvia,LVA,credit-suisse-ag-zurich-switzerland-che,Credit Suisse AG,Europe,Switzerland,CHE,2,1080000
239575,2885,the-bank-of-new-york-mellon-corp,The Bank of New York Mellon Corp.,"Sep 23, 2015",2015,"Sep 23, 2015",2015,as-expobank,AS Expobank,AS Expobank,Europe,Latvia,LVA,dms-bank-trust-ltd-georgetown-cayman-island-cym,DMS Bank & Trust Ltd,North America,Cayman Islands,CYM,1,2000000
239579,2885,the-bank-of-new-york-mellon-corp,The Bank of New York Mellon Corp.,"Sep 4, 2015",2015,"Sep 28, 2015",2015,as-expobank,AS Expobank,AS Expobank,Europe,Latvia,LVA,abn-amro-clearing-bank-nv-amsterdam-netherlands-nld,ABN Amro Clearing Bank N.V.,Europe,Netherlands,NLD,7,9206000
239581,2465,the-bank-of-new-york-mellon-corp,The Bank of New York Mellon Corp.,"Jun 22, 2015",2015,"Jun 22, 2015",2015,as-expobank,AS Expobank,AS Expobank,Europe,Latvia,LVA,victoriabank-chisinau-moldova-mda,Victoriabank,Europe,Moldova,MDA,1,5587.64
239582,2465,the-bank-of-new-york-mellon-corp,The Bank of New York Mellon Corp.,"Jun 5, 2015",2015,"Jun 5, 2015",2015,as-expobank,AS Expobank,AS Expobank,Europe,Latvia,LVA,victoriabank-chisinau-moldova-mda,Victoriabank,Europe,Moldova,MDA,1,6022.31
239583,2465,the-bank-of-new-york-mellon-corp,The Bank of New York Mellon Corp.,"Jun 22, 2015",2015,"Jun 22, 2015",2015,as-expobank,AS Expobank,AS Expobank,Europe,Latvia,LVA,metropolitan-bank-and-trust-co-manila-philippines-phl,Metropolitan Bank And Trust Co,Asia,Philippines,PHL,1,2632.46
239584,2465,the-bank-of-new-york-mellon-corp,The Bank of New York Mellon Corp.,"Jun 5, 2015",2015,"Jun 5, 2015",2015,as-expobank,AS Expobank,AS Expobank,Europe,Latvia,LVA,metropolitan-bank-and-trust-co-manila-philippines-phl,Metropolitan Bank And Trust Co,Asia,Philippines,PHL,1,8294.77
239588,2465,the-bank-of-new-york-mellon-corp,The Bank of New York Mellon Corp.,"Jun 1, 2015",2015,"Jun 30, 2015",2015,as-expobank,AS Expobank,AS Expobank,Europe,Latvia,LVA,cscbank-sal-beirut-lebanon-lbn,Cscbank Sal,Asia,Lebanon,LBN,4,400000
239589,2465,the-bank-of-new-york-mellon-corp,The Bank of New York Mellon Corp.,"Jun 30, 2015",2015,"Jun 30, 2015",2015,as-expobank,AS Expobank,AS Expobank,Europe,Latvia,LVA,credit-suisse-ag-zurich-switzerland-che,Credit Suisse AG,Europe,Switzerland,CHE,1,1080000
239591,2465,the-bank-of-new-york-mellon-corp,The Bank of New York Mellon Corp.,"Jun 26, 2015",2015,"Jun 26, 2015",2015,as-expobank,AS Expobank,AS Expobank,Europe,Latvia,LVA,bank-soyuz-moscow-russia-rus,Bank Soyuz,Europe,Russia,RUS,1,4000000
239592,2465,the-bank-of-new-york-mellon-corp,The Bank of New York Mellon Corp.,"Jun 17, 2015",2015,"Jun 17, 2015",2015,as-expobank,AS Expobank,AS Expobank,Europe,Latvia,LVA,credit-suisse-ag-zurich-switzerland-che,Credit Suisse AG,Europe,Switzerland,CHE,1,5000000
239593,2465,the-bank-of-new-york-mellon-corp,The Bank of New York Mellon Corp.,"Jun 29, 2015",2015,"Jun 29, 2015",2015,as-expobank,AS Expobank,AS Expobank,Europe,Latvia,LVA,vtb-bank-austria-ag-vienna-austria-aut,VTB Bank,Europe,Austria,AUT,1,6275000
239713,2472,the-bank-of-new-york-mellon-corp,The Bank of New York Mellon Corp.,"Nov 18, 2015",2015,"Nov 30, 2015",2015,as-expobank,AS Expobank,AS Expobank,Europe,Latvia,LVA,credit-suisse-ag-zurich-switzerland-che,Credit Suisse AG,Europe,Switzerland,CHE,3,418000
239714,2472,the-bank-of-new-york-mellon-corp,The Bank of New York Mellon Corp.,"Nov 2, 2015",2015,"Nov 19, 2015",2015,as-expobank,AS Expobank,AS Expobank,Europe,Latvia,LVA,dbs-bank-ltd-singapore-sgp,DBS Bank Ltd,Asia,Singapore,SGP,3,434084.26
239715,2472,the-bank-of-new-york-mellon-corp,The Bank of New York Mellon Corp.,"Nov 27, 2015",2015,"Nov 27, 2015",2015,as-expobank,AS Expobank,AS Expobank,Europe,Latvia,LVA,unicredit-bank-moscow-russia-rus,UniCredit Bank,Europe,Russia,RUS,1,465319.83
239716,2472,the-bank-of-new-york-mellon-corp,The Bank of New York Mellon Corp.,"Nov 17, 2015",2015,"Nov 30, 2015",2015,as-expobank,AS Expobank,AS Expobank,Europe,Latvia,LVA,credit-suisse-ag-zurich-switzerland-che,Credit Suisse AG,Europe,Switzerland,CHE,2,540000
239720,2472,the-bank-of-new-york-mellon-corp,The Bank of New York Mellon Corp.,"Nov 5, 2015",2015,"Nov 20, 2015",2015,as-expobank,AS Expobank,AS Expobank,Europe,Latvia,LVA,unicredit-bank-cjsc-moscow-russia-rus,"UniCredit Bank, Cjsc",Europe,Russia,RUS,2,1750000
239721,2472,the-bank-of-new-york-mellon-corp,The Bank of New York Mellon Corp.,"Nov 5, 2015",2015,"Nov 20, 2015",2015,as-expobank,AS Expobank,AS Expobank,Europe,Latvia,LVA,unicredit-bank-cjsc-moscow-russia-rus,"UniCredit Bank, Cjsc",Europe,Russia,RUS,2,5950000
239722,2472,the-bank-of-new-york-mellon-corp,The Bank of New York Mellon Corp.,"Nov 5, 2015",2015,"Nov 27, 2015",2015,as-expobank,AS Expobank,AS Expobank,Europe,Latvia,LVA,abn-amro-bank-nv-amsterdam-netherlands-nld,ABN Amro Bank N.V.,Europe,Netherlands,NLD,11,13730000
240082,2475,the-bank-of-new-york-mellon-corp,The Bank of New York Mellon Corp.,"Dec 10, 2015",2015,"Dec 10, 2015",2015,as-expobank,AS Expobank,AS Expobank,Europe,Latvia,LVA,dbs-bank-ltd-singapore-singapore-sgp,"DBS Bank Ltd, Singapore",Asia,Singapore,SGP,1,3000000
240083,2475,the-bank-of-new-york-mellon-corp,The Bank of New York Mellon Corp.,"Dec 23, 2015",2015,"Dec 23, 2015",2015,as-expobank,AS Expobank,AS Expobank,Europe,Latvia,LVA,usb-bank-plc-nicosia-cyprus-cyp,Usb Bank Plc,Europe,Cyprus,CYP,1,3500000
240084,2475,the-bank-of-new-york-mellon-corp,The Bank of New York Mellon Corp.,"Dec 2, 2015",2015,"Dec 2, 2015",2015,as-expobank,AS Expobank,AS Expobank,Europe,Latvia,LVA,credit-suisse-ag-zurich-switzerland-che,Credit Suisse AG,Europe,Switzerland,CHE,1,27700000
240122,2471,the-bank-of-new-york-mellon-corp,The Bank of New York Mellon Corp.,"Oct 22, 2015",2015,"Oct 22, 2015",2015,as-expobank,AS Expobank,AS Expobank,Europe,Latvia,LVA,credit-suisse-ag-zurich-switzerland-che,Credit Suisse AG,Europe,Switzerland,CHE,1,540000
240123,2471,the-bank-of-new-york-mellon-corp,The Bank of New York Mellon Corp.,"Oct 8, 2015",2015,"Oct 22, 2015",2015,as-expobank,AS Expobank,AS Expobank,Europe,Latvia,LVA,credit-suisse-ag-zurich-switzerland-che,Credit Suisse AG,Europe,Switzerland,CHE,3,455768.82
240126,2471,the-bank-of-new-york-mellon-corp,The Bank of New York Mellon Corp.,"Oct 5, 2015",2015,"Oct 23, 2015",2015,as-expobank,AS Expobank,AS Expobank,Europe,Latvia,LVA,dbs-bank-ltd-singapore-sgp,DBS Bank Ltd,Asia,Singapore,SGP,8,1787547.7
240128,2471,the-bank-of-new-york-mellon-corp,The Bank of New York Mellon Corp.,"Oct 7, 2015",2015,"Oct 7, 2015",2015,as-expobank,AS Expobank,AS Expobank,Europe,Latvia,LVA,credit-suisse-ag-zurich-switzerland-che,Credit Suisse AG,Europe,Switzerland,CHE,1,7185378.27
240130,2471,the-bank-of-new-york-mellon-corp,The Bank of New York Mellon Corp.,"Oct 1, 2015",2015,"Oct 28, 2015",2015,as-expobank,AS Expobank,AS Expobank,Europe,Latvia,LVA,abn-amro-bank-nv-amsterdam-netherlands-nld,ABN Amro Bank N.V.,Europe,Netherlands,NLD,7,41450000
240135,2490,the-bank-of-new-york-mellon-corp,The Bank of New York Mellon Corp.,"Apr 19, 2016",2016,"May 26, 2016",2016,as-expobank,AS Expobank,AS Expobank,Europe,Latvia,LVA,dbs-bank-ltd-singapore-singapore-sgp,"DBS Bank Ltd, Singapore",Asia,Singapore,SGP,2,1700000
240322,2392,the-bank-of-new-york-mellon-corp,The Bank of New York Mellon Corp.,"Feb 15, 2013",2013,"Feb 15, 2013",2013,as-expobank,AS Expobank,AS Expobank,Europe,Latvia,LVA,credit-suisse-ag-zurich-switzerland-che,Credit Suisse AG,Europe,Switzerland,CHE,1,2090100
240323,2392,the-bank-of-new-york-mellon-corp,The Bank of New York Mellon Corp.,"Feb 28, 2013",2013,"Mar 29, 2013",2013,as-expobank,AS Expobank,AS Expobank,Europe,Latvia,LVA,credit-suisse-ag-zurich-switzerland-che,Credit Suisse AG,Europe,Switzerland,CHE,3,3054383.56
240324,2392,the-bank-of-new-york-mellon-corp,The Bank of New York Mellon Corp.,"Jan 16, 2013",2013,"Jan 16, 2013",2013,as-expobank,AS Expobank,AS Expobank,Europe,Latvia,LVA,credit-suisse-ag-zurich-switzerland-che,Credit Suisse AG,Europe,Switzerland,CHE,1,3379600
240326,2392,the-bank-of-new-york-mellon-corp,The Bank of New York Mellon Corp.,"Mar 8, 2013",2013,"Mar 8, 2013",2013,as-expobank,AS Expobank,AS Expobank,Europe,Latvia,LVA,credit-suisse-ag-zurich-switzerland-che,Credit Suisse AG,Europe,Switzerland,CHE,1,6500000
240327,2392,the-bank-of-new-york-mellon-corp,The Bank of New York Mellon Corp.,"Jan 3, 2013",2013,"Mar 11, 2013",2013,as-expobank,AS Expobank,AS Expobank,Europe,Latvia,LVA,sb-sberbank-jsc-almaty-kazakhstan-kaz,SB Sberbank JSC,Asia,Kazakhstan,KAZ,3,6162913
240328,2392,the-bank-of-new-york-mellon-corp,The Bank of New York Mellon Corp.,"Jan 15, 2013",2013,"Feb 8, 2013",2013,as-expobank,AS Expobank,AS Expobank,Europe,Latvia,LVA,banksoyuz-moscow-russia-rus,Banksoyuz,Europe,Russia,RUS,3,18000000
240329,2392,the-bank-of-new-york-mellon-corp,The Bank of New York Mellon Corp.,"Jan 9, 2013",2013,"Mar 29, 2013",2013,as-expobank,AS Expobank,AS Expobank,Europe,Latvia,LVA,credit-suisse-ag-zurich-switzerland-che,Credit Suisse AG,Europe,Switzerland,CHE,36,24359120
240431,3805,the-bank-of-new-york-mellon-corp,The Bank of New York Mellon Corp.,"Oct 7, 2014",2014,"Oct 7, 2014",2014,baltic-international-bank,Baltic International Bank,Baltic International Bank,Europe,Latvia,LVA,ab-dnb-bankas-vilnius-lithuania-ltu,AB DNB Bankas,Europe,Lithuania,LTU,1,99905.55
240432,3805,the-bank-of-new-york-mellon-corp,The Bank of New York Mellon Corp.,"Dec 5, 2014",2014,"Dec 9, 2014",2014,baltic-international-bank,Baltic International Bank,Baltic International Bank,Europe,Latvia,LVA,abn-amro-bank-nv-amsterdam-netherlands-nld,ABN Amro Bank N.V.,Europe,Netherlands,NLD,2,118975
240433,3805,the-bank-of-new-york-mellon-corp,The Bank of New York Mellon Corp.,"Apr 1, 2014",2014,"Sep 26, 2014",2014,baltikums-bank,Baltikums Bank,Baltikums Bank,Europe,Latvia,LVA,berliner-volksbank-e-g-berlin-germany-deu,Berliner Volksbank E G,Europe,Germany,DEU,2,10000
240434,3805,the-bank-of-new-york-mellon-corp,The Bank of New York Mellon Corp.,"Nov 21, 2013",2013,"Jan 27, 2014",2014,baltikums-bank,Baltikums Bank ,Baltikums Bank ,Europe,Latvia,LVA,volksbank-ag-schaan-liechtenstein-lie,Volksbank AG,Europe,Liechtenstein,LIE,3,50000
241368,2444,the-bank-of-new-york-mellon-corp,The Bank of New York Mellon Corp.,"Oct 7, 2014",2014,"Oct 7, 2014",2014,aizkraukles-banka,Aizkraukles Banka,Aizkraukles Banka,Europe,Latvia,LVA,bnp-paribas-suisse-sa-geneva-switzerland-che,Bnp Paribas Suisse SA,Europe,Switzerland,CHE,2,4880673.35
241373,2444,the-bank-of-new-york-mellon-corp,The Bank of New York Mellon Corp.,"Oct 6, 2014",2014,"Oct 31, 2014",2014,aizkraukles-banka,Aizkraukles Banka,Aizkraukles Banka,Europe,Latvia,LVA,bank-vozrozhdenie-moscow-russia-rus,Bank Vozrozhdenie,Europe,Russia,RUS,8,15760000
241374,2444,the-bank-of-new-york-mellon-corp,The Bank of New York Mellon Corp.,"Oct 1, 2014",2014,"Oct 31, 2014",2014,aizkraukles-banka,Aizkraukles Banka,Aizkraukles Banka,Europe,Latvia,LVA,bankvozrozhdenie-moscow-russia-rus,Bankvozrozhdenie,Europe,Russia,RUS,9,21850000
241477,2489,the-bank-of-new-york-mellon-corp,The Bank of New York Mellon Corp.,"May 25, 2016",2016,"Jun 2, 2016",2016,norvik-banka-jsc,Norvik Banka JSC,Norvik Banka JSC,Europe,Latvia,LVA,euroclear-bank-brussels-belgium-bel,Euroclear Bank,Europe,Belgium,BEL,2,3063200
241478,2489,the-bank-of-new-york-mellon-corp,The Bank of New York Mellon Corp.,"Jun 5, 2016",2016,"Jul 29, 2016",2016,norvik-banka-jsc,Norvik Banka JSC,Norvik Banka JSC,Europe,Latvia,LVA,national-settlement-depository-moscow-russia-rus,National Settlement Depository,Europe,Russia,RUS,6,10390000
241479,2489,the-bank-of-new-york-mellon-corp,The Bank of New York Mellon Corp.,"May 17, 2016",2016,"Jul 6, 2016",2016,norvik-banka-jsc,Norvik Banka JSC,Norvik Banka JSC,Europe,Latvia,LVA,national-settlement-depository-moscow-russia-rus,National Settlement Depository,Europe,Russia,RUS,5,6860000
241480,2489,the-bank-of-new-york-mellon-corp,The Bank of New York Mellon Corp.,"Jun 16, 2016",2016,"Jul 22, 2016",2016,norvik-banka-jsc,Norvik Banka JSC,Norvik Banka JSC,Europe,Latvia,LVA,vtb-bank-open-joint-stock-bank-moscow-russia-rus,VTB Bank,Europe,Russia,RUS,2,3100939.51
241959,2468,the-bank-of-new-york-mellon-corp,The Bank of New York Mellon Corp.,"Jul 6, 2015",2015,"Aug 17, 2015",2015,as-expobank,AS Expobank,AS Expobank,Europe,Latvia,LVA,credit-suisse-ag-zurich-switzerland-che,Credit Suisse AG,Europe,Switzerland,CHE,3,999999.99
241960,2468,the-bank-of-new-york-mellon-corp,The Bank of New York Mellon Corp.,"Jul 17, 2015",2015,"Jul 17, 2015",2015,as-expobank,AS Expobank,AS Expobank,Europe,Latvia,LVA,credit-suisse-ag-zurich-switzerland-che,Credit Suisse AG,Europe,Switzerland,CHE,1,1000000
241961,2468,the-bank-of-new-york-mellon-corp,The Bank of New York Mellon Corp.,"Jul 28, 2015",2015,"Jul 28, 2015",2015,as-expobank,AS Expobank,AS Expobank,Europe,Latvia,LVA,credit-suisse-ag-zurich-switzerland-che,Credit Suisse AG,Europe,Switzerland,CHE,1,1000000
241962,2468,the-bank-of-new-york-mellon-corp,The Bank of New York Mellon Corp.,"Aug 4, 2015",2015,"Aug 4, 2015",2015,as-expobank,AS Expobank,AS Expobank,Europe,Latvia,LVA,kbl-european-private-bankers-sa-luxembourg-lux,Kbl European Private Bankers S.A. ,Europe,Luxembourg,LUX,1,1055229.52
241963,2468,the-bank-of-new-york-mellon-corp,The Bank of New York Mellon Corp.,"Jul 3, 2015",2015,"Aug 25, 2015",2015,as-expobank,AS Expobank,AS Expobank,Europe,Latvia,LVA,credit-suisse-ag-zurich-switzerland-che,Credit Suisse AG,Europe,Switzerland,CHE,10,1082851.49
241964,2468,the-bank-of-new-york-mellon-corp,The Bank of New York Mellon Corp.,"Jul 17, 2015",2015,"Jul 17, 2015",2015,as-expobank,AS Expobank,AS Expobank,Europe,Latvia,LVA,credit-suisse-ag-zurich-switzerland-che,Credit Suisse AG,Europe,Switzerland,CHE,1,2000000
241965,2468,the-bank-of-new-york-mellon-corp,The Bank of New York Mellon Corp.,"Jul 28, 2015",2015,"Aug 14, 2015",2015,as-expobank,AS Expobank,AS Expobank,Europe,Latvia,LVA,bank-audi-sal-beirut-lebanon-lbn,Bank Audi Sal,Asia,Lebanon,LBN,3,2649901
241966,2468,the-bank-of-new-york-mellon-corp,The Bank of New York Mellon Corp.,"Jul 28, 2015",2015,"Jul 28, 2015",2015,as-expobank,AS Expobank,AS Expobank,Europe,Latvia,LVA,bank-otkritie-financial-corporation-moscow-russia-rus,Bank Otkritie Financial Corporation,Europe,Russia,RUS,1,11900000
241967,2468,the-bank-of-new-york-mellon-corp,The Bank of New York Mellon Corp.,"Jul 29, 2015",2015,"Jul 29, 2015",2015,expobank,Expobank,Expobank,Europe,Latvia,LVA,credit-suisse-ag-zurich-switzerland-che,Credit Suisse AG,Europe,Switzerland,CHE,1,68033400
242000,2842,the-bank-of-new-york-mellon-corp,The Bank of New York Mellon Corp.,"Mar 13, 2014",2014,"Mar 13, 2014",2014,trasta-komercbanka,Trasta Komercbanka,Trasta Komercbanka,Europe,Latvia,LVA,dbs-bank-ltd-singapore-sgp,DBS Bank Ltd,Asia,Singapore,SGP,1,169356
242001,2842,the-bank-of-new-york-mellon-corp,The Bank of New York Mellon Corp.,"Mar 12, 2014",2014,"Mar 12, 2014",2014,trasta-komercbanka,Trasta Komercbanka,Trasta Komercbanka,Europe,Latvia,LVA,dbs-bank-ltd-singapore-sgp,DBS Bank Ltd,Asia,Singapore,SGP,1,138000
242002,2842,the-bank-of-new-york-mellon-corp,The Bank of New York Mellon Corp.,"Apr 19, 2013",2013,"Apr 19, 2013",2013,trasta-komercbanka,Trasta Komercbanka,Trasta Komercbanka,Europe,Latvia,LVA,moldindconbank-sa-chisinau-moldova-mda,Moldindconbank SA,Europe,Moldova,MDA,1,100000
242003,2842,the-bank-of-new-york-mellon-corp,The Bank of New York Mellon Corp.,"Mar 14, 2013",2013,"Mar 14, 2013",2013,trasta-komercbanka,Trasta Komercbanka,Trasta Komercbanka,Europe,Latvia,LVA,moldindconbank-sa-chisinau-moldova-mda,Moldindconbank SA,Europe,Moldova,MDA,1,1840000
242004,2842,the-bank-of-new-york-mellon-corp,The Bank of New York Mellon Corp.,"Feb 25, 2013",2013,"Feb 25, 2013",2013,trasta-komercbanka,Trasta Komercbanka,Trasta Komercbanka,Europe,Latvia,LVA,moldindconbank-sa-chisinau-moldova-mda,Moldindconbank SA,Europe,Moldova,MDA,1,324504
242010,2440,the-bank-of-new-york-mellon-corp,The Bank of New York Mellon Corp.,"Sep 24, 2014",2014,"Sep 24, 2014",2014,as-expobank,AS Expobank,AS Expobank,Europe,Latvia,LVA,the-national-bank-of-ras-al-khaimah-ras-al-khaimah-uae-are,The National Bank of Ras Al-Khaimah,Asia,United Arab Emirates,ARE,1,2600
242011,2440,the-bank-of-new-york-mellon-corp,The Bank of New York Mellon Corp.,"Sep 4, 2014",2014,"Sep 11, 2014",2014,as-expobank,AS Expobank,AS Expobank,Europe,Latvia,LVA,credit-suisse-ag-zurich-switzerland-che,Credit Suisse AG,Europe,Switzerland,CHE,2,731000
242012,2440,the-bank-of-new-york-mellon-corp,The Bank of New York Mellon Corp.,"Sep 30, 2014",2014,"Sep 30, 2014",2014,as-expobank,AS Expobank,AS Expobank,Europe,Latvia,LVA,credit-suisse-ag-zurich-switzerland-che,Credit Suisse AG,Europe,Switzerland,CHE,1,792128
242013,2440,the-bank-of-new-york-mellon-corp,The Bank of New York Mellon Corp.,"Sep 30, 2014",2014,"Sep 30, 2014",2014,as-expobank,AS Expobank,AS Expobank,Europe,Latvia,LVA,credit-suisse-ag-zurich-switzerland-che,Credit Suisse AG,Europe,Switzerland,CHE,1,792180
242014,2440,the-bank-of-new-york-mellon-corp,The Bank of New York Mellon Corp.,"Aug 5, 2014",2014,"Sep 22, 2014",2014,as-expobank,AS Expobank,AS Expobank,Europe,Latvia,LVA,credit-suisse-ag-zurich-switzerland-che,Credit Suisse AG,Europe,Switzerland,CHE,3,1620000
242015,2440,the-bank-of-new-york-mellon-corp,The Bank of New York Mellon Corp.,"Aug 7, 2014",2014,"Sep 19, 2014",2014,as-expobank,AS Expobank,AS Expobank,Europe,Latvia,LVA,credit-suisse-ag-zurich-switzerland-che,Credit Suisse AG,Europe,Switzerland,CHE,3,1910000
242030,2440,the-bank-of-new-york-mellon-corp,The Bank of New York Mellon Corp.,"Aug 25, 2014",2014,"Aug 25, 2014",2014,as-expobank,AS Expobank,AS Expobank,Europe,Latvia,LVA,credit-suisse-ag-zurich-switzerland-che,Credit Suisse AG,Europe,Switzerland,CHE,1,2800000
242031,2440,the-bank-of-new-york-mellon-corp,The Bank of New York Mellon Corp.,"Aug 1, 2014",2014,"Sep 22, 2014",2014,as-expobank,AS Expobank,AS Expobank,Europe,Latvia,LVA,credit-suisse-ag-zurich-switzerland-che,Credit Suisse AG,Europe,Switzerland,CHE,6,1486500
242033,2440,the-bank-of-new-york-mellon-corp,The Bank of New York Mellon Corp.,"Aug 26, 2014",2014,"Sep 29, 2014",2014,as-expobank,AS Expobank,AS Expobank,Europe,Latvia,LVA,kuwait-turkish-participation-bk-inc-istanbul-turkey-tur,Kuwait Turkish Participation Bk Inc,Asia,Turkey,TUR,4,1745050
242034,2440,the-bank-of-new-york-mellon-corp,The Bank of New York Mellon Corp.,"Aug 18, 2014",2014,"Sep 30, 2014",2014,as-expobank,AS Expobank,AS Expobank,Europe,Latvia,LVA,credit-suisse-ag-zurich-switzerland-che,Credit Suisse AG,Europe,Switzerland,CHE,4,3039206
243289,2307,the-bank-of-new-york-mellon-corp,The Bank of New York Mellon Corp.,"Oct 18, 2016",2016,"Dec 28, 2016",2016,norvik-banka-jsc,"Norvik Banka, JSC","Norvik Banka, JSC",Europe,Latvia,LVA,dbs-bank-ltd-singapore-sgp,DBS Bank Ltd,Asia,Singapore,SGP,24,3891515
243330,2320,the-bank-of-new-york-mellon-corp,The Bank of New York Mellon Corp.,"Nov 15, 2016",2016,"Nov 21, 2016",2016,rigensis-bank-as,Rigensis Bank AS,Rigensis Bank AS,Europe,Latvia,LVA,scotiabank-peru-lima-peru-per,Scotiabank Peru ,South America,Peru,PER,2,30443000